-- phpMyAdmin SQL Dump
-- version 4.8.5
-- https://www.phpmyadmin.net/
--
-- Hôte : 127.0.0.1:3306
-- Généré le :  sam. 14 déc. 2019 à 17:07
-- Version du serveur :  5.7.26
-- Version de PHP :  7.2.18

SET SQL_MODE = "NO_AUTO_VALUE_ON_ZERO";
SET AUTOCOMMIT = 0;
START TRANSACTION;
SET time_zone = "+00:00";


/*!40101 SET @OLD_CHARACTER_SET_CLIENT=@@CHARACTER_SET_CLIENT */;
/*!40101 SET @OLD_CHARACTER_SET_RESULTS=@@CHARACTER_SET_RESULTS */;
/*!40101 SET @OLD_COLLATION_CONNECTION=@@COLLATION_CONNECTION */;
/*!40101 SET NAMES utf8mb4 */;

--
-- Base de données :  `iasa`
--

-- --------------------------------------------------------

--
-- Structure de la table `agent`
--

DROP TABLE IF EXISTS `agent`;
CREATE TABLE IF NOT EXISTS `agent` (
  `nom_de_code` varchar(30) NOT NULL,
  `niv_acces` decimal(4,0) NOT NULL,
  `niv_confiance` decimal(4,0) DEFAULT NULL,
  `etat_de_service` varchar(100) DEFAULT NULL,
  PRIMARY KEY (`nom_de_code`)
) ENGINE=MyISAM DEFAULT CHARSET=latin1;

--
-- Déchargement des données de la table `agent`
--

INSERT INTO `agent` (`nom_de_code`, `niv_acces`, `niv_confiance`, `etat_de_service`) VALUES
('MILLIERS', '1', '74', 'TOP SECRET'),
('LA-BAS', '1', '85', 'TOP SECRET'),
('PRERETRAITE', '1', '84', 'TOP SECRET'),
('GALURIN', '1', '49', 'TOP SECRET'),
('ABBAYE', '0', '65', 'TOP SECRET'),
('FATUITE', '0', '74', 'TOP SECRET'),
('JETTE', '1', '54', 'TOP SECRET'),
('ANTIPATHIQUE', '0', '66', 'TOP SECRET'),
('SECULIER', '1', '0', 'TOP SECRET'),
('CIRCULAIT', '0', '97', 'TOP SECRET'),
('CHIENS', '0', '7', 'TOP SECRET'),
('COMPLEXE', '0', '55', 'TOP SECRET'),
('BIS', '0', '86', 'TOP SECRET'),
('ARMES', '0', '72', 'TOP SECRET'),
('LIRE', '1', '39', 'TOP SECRET'),
('STEPHANE', '0', '97', 'TOP SECRET'),
('EPAVE', '1', '45', 'TOP SECRET'),
('FONT', '0', '54', 'TOP SECRET'),
('TIARE', '0', '93', 'TOP SECRET'),
('PIPE', '0', '46', 'TOP SECRET'),
('FORMULEE', '0', '64', 'TOP SECRET'),
('FAITS DIVERS', '0', '4', 'TOP SECRET'),
('IMPASSIBLE', '0', '15', 'TOP SECRET'),
('PRENDS', '0', '60', 'TOP SECRET'),
('PILIERS', '0', '69', 'TOP SECRET'),
('PAYEE', '0', '89', 'TOP SECRET'),
('SANG VERSE', '0', '34', 'TOP SECRET'),
('ILLUSTRATION', '0', '4', 'TOP SECRET'),
('DISCRIMINE', '0', '89', 'TOP SECRET'),
('NAVIGATION', '0', '73', 'TOP SECRET'),
('APPROBATION', '0', '49', 'TOP SECRET'),
('APPORTANT', '0', '18', 'TOP SECRET'),
('FAUDRA', '0', '93', 'TOP SECRET'),
('DONNEUR', '0', '93', 'TOP SECRET'),
('SIGLE', '0', '23', 'TOP SECRET'),
('SPORE', '0', '19', 'TOP SECRET'),
('KADAR', '0', '50', 'TOP SECRET'),
('DEFAILLANCE', '0', '5', 'TOP SECRET'),
('SCIENCE', '0', '91', 'TOP SECRET'),
('LORD', '0', '76', 'TOP SECRET'),
('DORDOGNE', '0', '32', 'TOP SECRET'),
('SUFFIRONT', '0', '81', 'TOP SECRET'),
('DISTANCES', '0', '44', 'TOP SECRET'),
('MIENS', '0', '77', 'TOP SECRET'),
('AMOUR', '0', '55', 'TOP SECRET'),
('NERVOSITE', '0', '88', 'TOP SECRET'),
('PRIVILEGIER', '0', '78', 'TOP SECRET'),
('BAISSE', '0', '19', 'TOP SECRET'),
('ELANCE', '0', '24', 'TOP SECRET'),
('REDIGE', '0', '67', 'TOP SECRET'),
('AZUR', '0', '100', 'TOP SECRET'),
('ROUGE-GORGE', '0', '25', 'TOP SECRET'),
('COMPLEMENTAIRE', '0', '12', 'TOP SECRET'),
('ADOPTE', '0', '19', 'TOP SECRET'),
('ABONDANTE', '0', '19', 'TOP SECRET'),
('TOURNANT', '0', '46', 'TOP SECRET'),
('INSTITUT', '0', '90', 'TOP SECRET'),
('APATHIE', '0', '94', 'TOP SECRET'),
('HERBORISTE', '0', '32', 'TOP SECRET'),
('CESAR', '0', '3', 'TOP SECRET'),
('CEUX-LA', '0', '66', 'TOP SECRET'),
('FRAPPANTE', '0', '91', 'TOP SECRET'),
('CROIENT', '0', '16', 'TOP SECRET'),
('ROUI', '0', '94', 'TOP SECRET'),
('DOMICILE', '0', '50', 'TOP SECRET'),
('FAMILIALES', '0', '37', 'TOP SECRET'),
('COUVENT', '0', '4', 'TOP SECRET'),
('DONNERONT', '0', '63', 'TOP SECRET'),
('GARANTIE', '0', '96', 'TOP SECRET'),
('BARREAUX', '0', '80', 'TOP SECRET'),
('GOLF', '0', '74', 'TOP SECRET'),
('MEPRISER', '0', '9', 'TOP SECRET'),
('SENTIR', '0', '6', 'TOP SECRET'),
('TRANSMISE', '0', '69', 'TOP SECRET'),
('CATASTROPHE', '0', '25', 'TOP SECRET'),
('PRESIDENTIEL', '0', '83', 'TOP SECRET'),
('SORTILEGE', '0', '50', 'TOP SECRET'),
('SOULIGNE', '0', '91', 'TOP SECRET'),
('ALPINISTE', '0', '45', 'TOP SECRET'),
('RECLAMEE', '0', '96', 'TOP SECRET'),
('ATMOSPHERIQUE', '0', '22', 'TOP SECRET'),
('DIVERGENTES', '0', '94', 'TOP SECRET'),
('LEGALEMENT', '0', '66', 'TOP SECRET'),
('HONORABLES', '0', '100', 'TOP SECRET'),
('EXQUIS', '0', '81', 'TOP SECRET'),
('BANNIR', '0', '27', 'TOP SECRET'),
('CROCHETEUR', '0', '23', 'TOP SECRET'),
('AMIRAUTE', '0', '82', 'TOP SECRET'),
('REPERES', '0', '27', 'TOP SECRET'),
('TECHNIQUEMENT', '0', '38', 'TOP SECRET'),
('BUDGETAIRES', '0', '98', 'TOP SECRET'),
('PARTAGES', '0', '25', 'TOP SECRET'),
('PETOCHARDE', '0', '26', 'TOP SECRET'),
('AMOINDRIR', '0', '4', 'TOP SECRET'),
('DISTINGUER DE', '0', '75', 'TOP SECRET'),
('URINE', '0', '90', 'TOP SECRET'),
('ABRICOT', '0', '87', 'TOP SECRET'),
('DECOTE', '0', '8', 'TOP SECRET'),
('DESCENDRE', '0', '43', 'TOP SECRET'),
('PARALYSE', '0', '52', 'TOP SECRET'),
('IGNORE', '2', '100', 'TOP SECRET'),
('BALTIQUE', '0', '73', 'TOP SECRET'),
('ATTENDAIENT', '0', '19', 'TOP SECRET'),
('MODE', '0', '62', 'TOP SECRET'),
('DIFFRACTE', '0', '61', 'TOP SECRET'),
('MAJEURE', '0', '21', 'TOP SECRET'),
('GUIBERT', '0', '40', 'TOP SECRET'),
('CONJONCTION', '0', '56', 'TOP SECRET'),
('DERACINER', '0', '85', 'TOP SECRET'),
('FISCALITE', '0', '91', 'TOP SECRET'),
('RASSURE', '0', '45', 'TOP SECRET'),
('AS', '0', '80', 'TOP SECRET'),
('MOELLEUX', '0', '71', 'TOP SECRET'),
('HOTELIER', '0', '6', 'TOP SECRET'),
('MARTINIQUE', '0', '56', 'TOP SECRET'),
('AUBAINE', '0', '26', 'TOP SECRET'),
('PUBLICITE', '0', '66', 'TOP SECRET'),
('DEMOCRATIE', '0', '96', 'TOP SECRET'),
('GEORGI', '0', '51', 'TOP SECRET'),
('BRITANNIQUE', '0', '39', 'TOP SECRET'),
('AIGREURS', '0', '67', 'TOP SECRET'),
('PITIE', '0', '62', 'TOP SECRET'),
('ANCIENNETE', '0', '19', 'TOP SECRET'),
('BOUFFEE', '0', '47', 'TOP SECRET'),
('BOITES', '0', '98', 'TOP SECRET'),
('TALON', '0', '41', 'TOP SECRET'),
('PROCEDER', '0', '22', 'TOP SECRET'),
('CONTINUAIENT', '0', '31', 'TOP SECRET'),
('DEFORME', '0', '58', 'TOP SECRET'),
('VRAIE', '0', '83', 'TOP SECRET'),
('PRIVATISATION', '0', '22', 'TOP SECRET'),
('ORIENTALES', '0', '10', 'TOP SECRET'),
('VERSEE', '0', '69', 'TOP SECRET'),
('CELEBRATION', '0', '45', 'TOP SECRET'),
('APPESANTIR', '0', '25', 'TOP SECRET'),
('SILLAGE', '0', '93', 'TOP SECRET'),
('SIMPLIFIER', '0', '50', 'TOP SECRET'),
('TYPHON', '0', '31', 'TOP SECRET'),
('INVENTION', '0', '63', 'TOP SECRET'),
('PROSPERITE', '0', '92', 'TOP SECRET'),
('POLEMIQUES', '0', '81', 'TOP SECRET'),
('ECLUSER', '0', '64', 'TOP SECRET'),
('CANETTI', '0', '76', 'TOP SECRET'),
('ELUDER', '0', '28', 'TOP SECRET'),
('RECONSTRUCTEURS', '0', '90', 'TOP SECRET'),
('EXCESSIVEMENT', '0', '37', 'TOP SECRET'),
('FERVEUR', '0', '83', 'TOP SECRET'),
('SCELERAT', '0', '42', 'TOP SECRET'),
('FRAGILES', '0', '53', 'TOP SECRET'),
('POINDRE', '0', '32', 'TOP SECRET'),
('DEFENDUE', '0', '0', 'TOP SECRET'),
('DECONTRACTER', '0', '99', 'TOP SECRET'),
('REVE', '0', '75', 'TOP SECRET'),
('AFFIRMATION', '0', '33', 'TOP SECRET'),
('ISSUE', '0', '28', 'TOP SECRET'),
('PARTITIONS', '0', '38', 'TOP SECRET'),
('SOUSSIGNE', '0', '75', 'TOP SECRET'),
('EXALTER', '0', '18', 'TOP SECRET'),
('ELABORE', '0', '49', 'TOP SECRET'),
('PROGRESSISTE', '0', '45', 'TOP SECRET'),
('BALISTIQUE', '0', '5', 'TOP SECRET'),
('PORTE', '0', '94', 'TOP SECRET'),
('TIGRE', '0', '78', 'TOP SECRET'),
('SURHUMAIN', '0', '28', 'TOP SECRET'),
('RICANER', '0', '75', 'TOP SECRET'),
('PALESTINIENS', '0', '39', 'TOP SECRET'),
('PIMENT', '0', '3', 'TOP SECRET'),
('DEMENTIEL', '0', '57', 'TOP SECRET'),
('CRIMES', '0', '96', 'TOP SECRET'),
('ATTRIBUTIONS', '0', '81', 'TOP SECRET'),
('SORTENT', '0', '44', 'TOP SECRET'),
('MOMENTANEMENT', '0', '95', 'TOP SECRET'),
('SURENCHERES', '0', '69', 'TOP SECRET'),
('CARACTERISER', '0', '10', 'TOP SECRET'),
('ASSONANCE', '0', '79', 'TOP SECRET'),
('REGLE', '0', '57', 'TOP SECRET'),
('PROPRIETES', '0', '31', 'TOP SECRET'),
('CHANSONS', '0', '65', 'TOP SECRET'),
('GOULET', '0', '10', 'TOP SECRET'),
('LEVE', '0', '12', 'TOP SECRET'),
('RESSENTIR', '0', '66', 'TOP SECRET'),
('CONDAMNATION', '0', '40', 'TOP SECRET'),
('PRODIGIEUX', '0', '85', 'TOP SECRET'),
('GENERATEUR', '0', '24', 'TOP SECRET'),
('PRESENTE', '0', '31', 'TOP SECRET'),
('POUVAIENT', '0', '59', 'TOP SECRET'),
('FOU RIRE', '0', '81', 'TOP SECRET'),
('ABSTRAITE', '0', '93', 'TOP SECRET'),
('DECACHETE', '0', '18', 'TOP SECRET'),
('LIMITE', '0', '32', 'TOP SECRET'),
('SENAT', '0', '27', 'TOP SECRET'),
('ILE', '0', '7', 'TOP SECRET'),
('REPRISE', '0', '45', 'TOP SECRET'),
('RAJIDE', '0', '25', 'TOP SECRET'),
('TELEVISES', '0', '44', 'TOP SECRET'),
('INFLEXIBLE', '0', '48', 'TOP SECRET'),
('PERTURBATION', '0', '98', 'TOP SECRET'),
('DEGAUCHISSEUSE', '0', '49', 'TOP SECRET'),
('GRILLES', '0', '60', 'TOP SECRET'),
('OPPOSE', '0', '58', 'TOP SECRET'),
('FORMULAIRE', '0', '43', 'TOP SECRET'),
('SITUER', '0', '81', 'TOP SECRET'),
('INSISTER', '0', '60', 'TOP SECRET'),
('DESIRE', '0', '15', 'TOP SECRET'),
('EMOTION', '0', '77', 'TOP SECRET'),
('PROFONDES', '0', '88', 'TOP SECRET'),
('LIBERTE', '0', '52', 'TOP SECRET'),
('ROUES', '0', '67', 'TOP SECRET'),
('POINCON', '0', '9', 'TOP SECRET'),
('DOUBLEE', '0', '85', 'TOP SECRET'),
('REFUSAIT', '0', '63', 'TOP SECRET'),
('INFRACTIONS', '0', '72', 'TOP SECRET'),
('AVION', '0', '54', 'TOP SECRET'),
('FREUD', '0', '2', 'TOP SECRET'),
('BALLERINE', '0', '37', 'TOP SECRET'),
('DETRESSE', '0', '84', 'TOP SECRET'),
('LANGUE', '0', '8', 'TOP SECRET'),
('TORTURER', '0', '7', 'TOP SECRET'),
('DERIVES', '0', '17', 'TOP SECRET'),
('MAGISTRAT', '0', '91', 'TOP SECRET'),
('DEPASSENT', '0', '51', 'TOP SECRET'),
('DAIMLER', '0', '65', 'TOP SECRET'),
('GESIR', '0', '90', 'TOP SECRET'),
('CHANTAL', '0', '81', 'TOP SECRET'),
('CHEQUE', '0', '2', 'TOP SECRET'),
('ADOPTANT', '0', '91', 'TOP SECRET'),
('FRANCOPHONE', '0', '18', 'TOP SECRET'),
('PATRE', '0', '10', 'TOP SECRET'),
('PERTURBATIONS', '0', '51', 'TOP SECRET'),
('FAUX JETON', '0', '64', 'TOP SECRET'),
('HUTTE', '0', '33', 'TOP SECRET'),
('PAS', '0', '26', 'TOP SECRET'),
('RESTERONT', '0', '56', 'TOP SECRET'),
('POSSESSION', '0', '47', 'TOP SECRET'),
('ACCENTUE', '0', '33', 'TOP SECRET'),
('ACCORDEES', '0', '56', 'TOP SECRET'),
('ALLIANCE', '0', '44', 'TOP SECRET'),
('PROFITEROLES', '0', '87', 'TOP SECRET'),
('NUE', '0', '74', 'TOP SECRET'),
('AMBULANCE', '0', '88', 'TOP SECRET'),
('NINA', '0', '82', 'TOP SECRET'),
('MASQUE', '0', '82', 'TOP SECRET'),
('COMMEMORATION', '0', '47', 'TOP SECRET'),
('NAVETTE', '0', '7', 'TOP SECRET'),
('AUTOMATISATION', '0', '58', 'TOP SECRET'),
('ARTICLES', '0', '51', 'TOP SECRET'),
('GAGNENT', '0', '83', 'TOP SECRET'),
('FUIENT', '0', '85', 'TOP SECRET'),
('BONNET', '0', '13', 'TOP SECRET'),
('OBSCENITE', '0', '68', 'TOP SECRET'),
('RECHANGE', '0', '0', 'TOP SECRET'),
('PERSUADES', '0', '64', 'TOP SECRET'),
('ININTERROMPU', '0', '47', 'TOP SECRET'),
('OPERATION', '0', '60', 'TOP SECRET'),
('GRAMOPHONE', '0', '64', 'TOP SECRET'),
('PASSE-PARTOUT', '0', '99', 'TOP SECRET'),
('CONJUGAISON', '0', '22', 'TOP SECRET'),
('TICKET', '0', '2', 'TOP SECRET'),
('INSULAIRE', '0', '73', 'TOP SECRET'),
('DATER', '0', '14', 'TOP SECRET'),
('SOUHAITENT', '0', '4', 'TOP SECRET'),
('STANDARDISE', '0', '30', 'TOP SECRET'),
('FEUTRE', '0', '32', 'TOP SECRET'),
('APOSTROPHE', '0', '40', 'TOP SECRET'),
('POUPONNIERE', '0', '33', 'TOP SECRET'),
('LUSAKA', '0', '1', 'TOP SECRET'),
('AMENAGEE', '0', '78', 'TOP SECRET'),
('VOISINS', '0', '62', 'TOP SECRET'),
('DESSINATEUR', '0', '22', 'TOP SECRET'),
('GOUT', '0', '43', 'TOP SECRET'),
('DIVISE', '0', '69', 'TOP SECRET'),
('INHUMANITE', '0', '57', 'TOP SECRET'),
('DEMOGRAPHIQUES', '0', '35', 'TOP SECRET'),
('CONFIDENCE', '0', '56', 'TOP SECRET'),
('REPOUSSANT', '0', '98', 'TOP SECRET'),
('GLORIEUX', '0', '90', 'TOP SECRET'),
('CLASSES', '0', '61', 'TOP SECRET'),
('CIBLA', '0', '40', 'TOP SECRET'),
('CHATAIGNIER', '0', '21', 'TOP SECRET'),
('EFFICACES', '0', '57', 'TOP SECRET'),
('CONTRAINTE', '0', '71', 'TOP SECRET'),
('BOB', '0', '6', 'TOP SECRET'),
('POUFFIASSE', '0', '26', 'TOP SECRET'),
('PROTESTE', '0', '72', 'TOP SECRET'),
('CHALOUPE', '0', '6', 'TOP SECRET'),
('UF', '0', '16', 'TOP SECRET'),
('IBERT', '0', '21', 'TOP SECRET'),
('TELEVISEE', '0', '53', 'TOP SECRET'),
('COMPORTAIT', '0', '33', 'TOP SECRET'),
('MALEDICTION', '0', '87', 'TOP SECRET'),
('PAPERASSIER', '0', '85', 'TOP SECRET'),
('VERDICT', '0', '65', 'TOP SECRET'),
('PLANETE', '0', '87', 'TOP SECRET'),
('WAGON', '0', '90', 'TOP SECRET'),
('YARD', '0', '83', 'TOP SECRET'),
('LIMINAIRE', '0', '68', 'TOP SECRET'),
('TEL', '0', '99', 'TOP SECRET'),
('STALINISME', '0', '74', 'TOP SECRET'),
('RECONNAISSENT', '0', '96', 'TOP SECRET'),
('SECRETE', '0', '3', 'TOP SECRET'),
('EPARGNER', '0', '28', 'TOP SECRET'),
('MARMITE', '0', '77', 'TOP SECRET'),
('COMPARAISONS', '0', '43', 'TOP SECRET'),
('SEQUENCE', '0', '54', 'TOP SECRET'),
('POSTALES', '0', '82', 'TOP SECRET'),
('INTERDITES', '0', '20', 'TOP SECRET'),
('TERMINE', '0', '60', 'TOP SECRET'),
('ACACIA', '0', '64', 'TOP SECRET'),
('INSCRITS', '0', '41', 'TOP SECRET'),
('ANGERS', '0', '18', 'TOP SECRET'),
('REFLETE', '0', '53', 'TOP SECRET'),
('COMPETITEUR', '0', '93', 'TOP SECRET'),
('AVIATEUR', '0', '34', 'TOP SECRET'),
('JOUAIENT', '0', '31', 'TOP SECRET'),
('MICHELIN', '0', '87', 'TOP SECRET'),
('MANIE', '0', '46', 'TOP SECRET'),
('PAPILLON', '0', '82', 'TOP SECRET'),
('THAILANDE', '0', '60', 'TOP SECRET'),
('SOFIA', '0', '6', 'TOP SECRET'),
('JOIE', '0', '81', 'TOP SECRET'),
('TOUS', '0', '58', 'TOP SECRET'),
('SANITAIRES', '0', '18', 'TOP SECRET'),
('SPECIFIQUE', '0', '71', 'TOP SECRET'),
('TAQUINERIE', '0', '58', 'TOP SECRET'),
('ADMIRABLE', '0', '21', 'TOP SECRET'),
('BASCULE', '0', '17', 'TOP SECRET'),
('PRUNIER', '0', '18', 'TOP SECRET'),
('EDIFIER', '0', '60', 'TOP SECRET'),
('POTENTIELLEMENT', '0', '47', 'TOP SECRET'),
('MULES', '0', '64', 'TOP SECRET'),
('INCONTESTABLE', '0', '29', 'TOP SECRET'),
('BRIGADES', '0', '25', 'TOP SECRET'),
('FLUIDITE', '0', '64', 'TOP SECRET'),
('GROSSISTE', '0', '59', 'TOP SECRET'),
('INCLURE', '0', '6', 'TOP SECRET'),
('LONGUE-VUE', '0', '73', 'TOP SECRET'),
('ENTRETENUS', '0', '23', 'TOP SECRET'),
('VOLUMES', '0', '57', 'TOP SECRET'),
('AZERBAIDJANAISE', '0', '89', 'TOP SECRET'),
('ARE', '0', '76', 'TOP SECRET'),
('RATION', '0', '19', 'TOP SECRET'),
('DEPIT DE', '0', '62', 'TOP SECRET'),
('VEREUX', '0', '37', 'TOP SECRET'),
('ACCOMPAGNANT', '0', '52', 'TOP SECRET'),
('TORTIONNAIRE', '0', '79', 'TOP SECRET'),
('INFICHU', '0', '43', 'TOP SECRET'),
('VISITE', '0', '29', 'TOP SECRET'),
('DISETTE', '0', '59', 'TOP SECRET'),
('CONDUCTEUR', '0', '53', 'TOP SECRET'),
('NONCHALANCE', '0', '10', 'TOP SECRET'),
('VOYAIT', '0', '94', 'TOP SECRET'),
('BREFS', '0', '77', 'TOP SECRET'),
('ECONOMIQUEMENT', '0', '98', 'TOP SECRET'),
('TRANCHER', '0', '21', 'TOP SECRET'),
('BLUTOIR', '0', '90', 'TOP SECRET'),
('VEILLE', '0', '10', 'TOP SECRET'),
('POUSSE', '0', '57', 'TOP SECRET'),
('AMICAL', '0', '32', 'TOP SECRET'),
('SA VIE', '0', '98', 'TOP SECRET'),
('TENTER', '0', '61', 'TOP SECRET'),
('TOUCHEES', '0', '16', 'TOP SECRET'),
('RETORQUER', '0', '40', 'TOP SECRET'),
('CINEMATOGRAPHIQUE', '0', '43', 'TOP SECRET'),
('DISSEMINER', '0', '58', 'TOP SECRET'),
('LANCER', '0', '74', 'TOP SECRET'),
('RIVALISER', '0', '30', 'TOP SECRET'),
('GEMIR', '0', '45', 'TOP SECRET'),
('TROMPES', '0', '62', 'TOP SECRET'),
('OPERES', '0', '27', 'TOP SECRET'),
('PUZZLE', '0', '38', 'TOP SECRET'),
('PLAQUES', '0', '21', 'TOP SECRET'),
('ALTERER', '0', '18', 'TOP SECRET'),
('ZELANDE', '0', '95', 'TOP SECRET'),
('CASCADE', '0', '60', 'TOP SECRET'),
('CLOCHETTE', '0', '49', 'TOP SECRET'),
('RECOLTES', '0', '53', 'TOP SECRET'),
('GARNIER', '0', '86', 'TOP SECRET'),
('AUSTRAL', '0', '21', 'TOP SECRET'),
('BENEFICE NET', '0', '26', 'TOP SECRET'),
('FOUDROYANT', '0', '33', 'TOP SECRET'),
('PORTUGAL', '0', '38', 'TOP SECRET'),
('PARMI', '0', '52', 'TOP SECRET'),
('SURSAUT', '0', '25', 'TOP SECRET'),
('PREOCCUPE', '0', '80', 'TOP SECRET'),
('SOUBRETTE', '0', '1', 'TOP SECRET'),
('COTATIONS', '0', '9', 'TOP SECRET'),
('PROGRAMMEES', '0', '32', 'TOP SECRET'),
('BARBELES', '0', '70', 'TOP SECRET'),
('ESTIMAIENT', '0', '25', 'TOP SECRET'),
('CHARLES', '0', '51', 'TOP SECRET'),
('AIMERAIT', '0', '13', 'TOP SECRET'),
('IDENTIQUE', '0', '88', 'TOP SECRET'),
('GLOBE', '0', '98', 'TOP SECRET'),
('SOLLICITES', '0', '8', 'TOP SECRET'),
('CONSERVEE', '0', '0', 'TOP SECRET'),
('SOUDAN', '0', '79', 'TOP SECRET'),
('REVEUR', '0', '7', 'TOP SECRET'),
('DEUX', '0', '31', 'TOP SECRET'),
('HERACLITE', '0', '28', 'TOP SECRET'),
('LOGICIEL', '0', '75', 'TOP SECRET'),
('MANDARINIER', '0', '43', 'TOP SECRET'),
('SUBMERSIBLE', '0', '91', 'TOP SECRET'),
('BUREAUCRATES', '0', '68', 'TOP SECRET'),
('TROUVAIENT', '0', '40', 'TOP SECRET'),
('PROMULGUER', '0', '37', 'TOP SECRET'),
('EFFACE', '0', '65', 'TOP SECRET'),
('BIOLOGIQUE', '0', '72', 'TOP SECRET'),
('PROUVER', '0', '73', 'TOP SECRET'),
('LUBRICITE', '0', '86', 'TOP SECRET'),
('POULS', '0', '78', 'TOP SECRET'),
('EXPLORATEUR', '0', '84', 'TOP SECRET'),
('DESIREUX', '0', '9', 'TOP SECRET'),
('CESSE', '0', '62', 'TOP SECRET'),
('REGROUPER', '0', '46', 'TOP SECRET'),
('BASES', '0', '68', 'TOP SECRET'),
('GRATUITE', '0', '91', 'TOP SECRET'),
('CORRELATIF', '0', '56', 'TOP SECRET'),
('DEVASTE', '0', '30', 'TOP SECRET'),
('CRISTAL', '0', '99', 'TOP SECRET'),
('COUCHE-CULOTTE', '0', '81', 'TOP SECRET'),
('RIVIERE', '0', '92', 'TOP SECRET'),
('MONTAGNARD', '0', '39', 'TOP SECRET'),
('SUPERLATIF', '0', '54', 'TOP SECRET'),
('ROSE', '0', '28', 'TOP SECRET'),
('SOUPLESSE', '0', '51', 'TOP SECRET'),
('DIFFORMITE', '0', '47', 'TOP SECRET'),
('PLATON', '0', '45', 'TOP SECRET'),
('CRISPER', '0', '46', 'TOP SECRET'),
('DILUE', '0', '56', 'TOP SECRET'),
('ESSIEU', '0', '20', 'TOP SECRET'),
('PINCEE', '0', '95', 'TOP SECRET'),
('MANIFESTEE', '0', '14', 'TOP SECRET'),
('APPLICATION', '0', '40', 'TOP SECRET'),
('GERMER', '0', '63', 'TOP SECRET'),
('DIALECTES', '0', '58', 'TOP SECRET'),
('GOUFFRE', '0', '11', 'TOP SECRET'),
('ALLECHER', '0', '54', 'TOP SECRET'),
('INTERVALLES', '0', '29', 'TOP SECRET'),
('DISCRIMINATION', '0', '0', 'TOP SECRET'),
('STRESS', '0', '32', 'TOP SECRET'),
('TRANSPIRANT', '0', '26', 'TOP SECRET'),
('DESSINER', '0', '56', 'TOP SECRET'),
('TROUBLE', '0', '88', 'TOP SECRET'),
('MENACEE', '0', '30', 'TOP SECRET'),
('TRANSPOSITION', '0', '40', 'TOP SECRET'),
('REFORMATEUR', '0', '87', 'TOP SECRET'),
('NECESSITENT', '0', '29', 'TOP SECRET'),
('CHALAND', '0', '44', 'TOP SECRET'),
('MAUDIT', '0', '80', 'TOP SECRET'),
('OBSTETRIQUE', '0', '88', 'TOP SECRET'),
('BERKELEY', '0', '79', 'TOP SECRET'),
('BOSSE', '0', '70', 'TOP SECRET'),
('MAUDIRE', '0', '78', 'TOP SECRET'),
('ASSIMILE', '0', '15', 'TOP SECRET'),
('ALLEGRO', '0', '22', 'TOP SECRET'),
('HABITUDE', '0', '42', 'TOP SECRET'),
('REFERENCES', '0', '72', 'TOP SECRET'),
('MILAN', '0', '20', 'TOP SECRET'),
('AMERICANISER', '0', '70', 'TOP SECRET'),
('RECONCILIER', '0', '32', 'TOP SECRET'),
('DECERNE', '0', '10', 'TOP SECRET'),
('BATTANTS', '0', '86', 'TOP SECRET'),
('TROYES', '0', '24', 'TOP SECRET'),
('ALLEE', '0', '19', 'TOP SECRET'),
('AUQUEL', '0', '99', 'TOP SECRET'),
('BUTIN', '0', '7', 'TOP SECRET'),
('SITUEE', '0', '49', 'TOP SECRET'),
('EN-TETE', '0', '95', 'TOP SECRET'),
('RILA', '0', '56', 'TOP SECRET'),
('VIOLENTES', '0', '3', 'TOP SECRET'),
('FACILITE', '0', '14', 'TOP SECRET'),
('EMMERDEUSE', '0', '99', 'TOP SECRET'),
('THEATRE', '0', '88', 'TOP SECRET'),
('SOULEVER', '0', '86', 'TOP SECRET'),
('CASSE', '0', '43', 'TOP SECRET'),
('IMPULSION', '0', '88', 'TOP SECRET'),
('PACTOLE', '0', '25', 'TOP SECRET'),
('PRENDRE', '0', '42', 'TOP SECRET'),
('FILOUTER', '0', '55', 'TOP SECRET'),
('SOUFFRENT', '0', '65', 'TOP SECRET'),
('REGNE', '0', '51', 'TOP SECRET'),
('CONNAISSAIT', '0', '93', 'TOP SECRET'),
('MENTIR', '0', '71', 'TOP SECRET'),
('MORAUX', '0', '0', 'TOP SECRET'),
('PARFUMER', '0', '92', 'TOP SECRET'),
('DIRIGEE', '0', '61', 'TOP SECRET'),
('DOUBLEMENT', '0', '51', 'TOP SECRET'),
('ATTENTIF', '0', '85', 'TOP SECRET'),
('BLASPHEMER', '0', '95', 'TOP SECRET'),
('GRAINS', '0', '62', 'TOP SECRET'),
('AXIOME', '0', '40', 'TOP SECRET'),
('NETTOIEMENT', '0', '70', 'TOP SECRET'),
('DIPLOMATIQUES', '0', '36', 'TOP SECRET'),
('VINT', '0', '57', 'TOP SECRET'),
('VENTER', '0', '60', 'TOP SECRET'),
('PIONNIERE', '0', '64', 'TOP SECRET'),
('DEVOILER', '0', '12', 'TOP SECRET'),
('SUGGESTIONS', '0', '82', 'TOP SECRET'),
('CAFE', '0', '78', 'TOP SECRET'),
('SCOTCH', '0', '56', 'TOP SECRET'),
('TERRIBLE', '0', '12', 'TOP SECRET');

-- --------------------------------------------------------

--
-- Doublure de structure pour la vue `agent_en_mission`
-- (Voir ci-dessous la vue réelle)
--
DROP VIEW IF EXISTS `agent_en_mission`;
CREATE TABLE IF NOT EXISTS `agent_en_mission` (
`nom_de_code` varchar(30)
);

-- --------------------------------------------------------

--
-- Doublure de structure pour la vue `agent_ranking`
-- (Voir ci-dessous la vue réelle)
--
DROP VIEW IF EXISTS `agent_ranking`;
CREATE TABLE IF NOT EXISTS `agent_ranking` (
`nom_de_code` varchar(30)
,`niv_acces` decimal(4,0)
,`niv_confiance` decimal(4,0)
,`etat_de_service` varchar(100)
);

-- --------------------------------------------------------

--
-- Structure de la table `gere`
--

DROP TABLE IF EXISTS `gere`;
CREATE TABLE IF NOT EXISTS `gere` (
  `nom_service` int(8) NOT NULL,
  `nom_mission` varchar(30) NOT NULL,
  PRIMARY KEY (`nom_service`,`nom_mission`),
  KEY `nom_mission` (`nom_mission`)
) ENGINE=MyISAM DEFAULT CHARSET=latin1;

--
-- Déchargement des données de la table `gere`
--

INSERT INTO `gere` (`nom_service`, `nom_mission`) VALUES
(1738411, 'Bass'),
(1738411, 'Dracula'),
(1738411, 'Elf'),
(1738411, 'Hiccup'),
(1738411, 'Kingpin'),
(1738411, 'Knuckle'),
(1738411, 'Lifebelt'),
(1738411, 'Loss'),
(1738411, 'Mulberry'),
(1738411, 'Mystery'),
(1738411, 'Rigid'),
(1738411, 'Trident'),
(1738411, 'Truck'),
(1738411, 'Velvet'),
(1738411, 'Workshop'),
(6350262, 'Fact'),
(6350262, 'Felix'),
(6350262, 'Golf'),
(6350262, 'Hercules'),
(6350262, 'Jupiter'),
(6350262, 'Mandibles'),
(6350262, 'Menace'),
(6350262, 'Opium'),
(6350262, 'Strangle'),
(6350262, 'Window'),
(6350262, 'Yawn'),
(6350262, 'Yodle'),
(17410830, 'Bonus'),
(17410830, 'Catapult'),
(17410830, 'Clover'),
(17410830, 'Distance'),
(17410830, 'Hats'),
(17410830, 'Jinx'),
(17410830, 'Magnet'),
(17410830, 'Vulcan'),
(17410830, 'Zircon'),
(22195465, 'Argonaut'),
(22195465, 'Bolero'),
(22195465, 'Buccaneer'),
(22195465, 'Fly'),
(22195465, 'Imperator'),
(22195465, 'Jazz'),
(22195465, 'Kelpie'),
(22195465, 'Oak'),
(22195465, 'Overlord'),
(22195465, 'Phoenix'),
(22195465, 'Python'),
(22195465, 'Selfish'),
(22195465, 'Terminal'),
(22195465, 'Waterfall'),
(22195465, 'World'),
(22195465, 'Xenon'),
(44609807, 'Blackout'),
(44609807, 'Crossbow'),
(44609807, 'Firebrand'),
(44609807, 'Gymnast'),
(44609807, 'Hobgoblin'),
(44609807, 'Nymph'),
(44609807, 'Polaroid'),
(44609807, 'Ranger'),
(44609807, 'Sacrifice'),
(44609807, 'Super-gymnast'),
(44609807, 'Teacup'),
(44609807, 'Top'),
(44609807, 'Truncheon'),
(44609807, 'Violence'),
(86883657, 'Alchemy'),
(86883657, 'Anvil'),
(86883657, 'Backbone'),
(86883657, 'Buffalo'),
(86883657, 'Canvas'),
(86883657, 'Diamond'),
(86883657, 'Eureka'),
(86883657, 'Guitar'),
(86883657, 'Hazard'),
(86883657, 'Hello World'),
(86883657, 'Ilona'),
(86883657, 'Jaguar'),
(86883657, 'Octagon'),
(86883657, 'Piano'),
(86883657, 'Sextant'),
(86883657, 'Tube Alloys'),
(86883657, 'Upkeep'),
(86883657, 'Violin'),
(91345364, 'Avalanche'),
(91345364, 'Battleaxe'),
(91345364, 'Calendar'),
(91345364, 'Dragonfly'),
(91345364, 'Dragoon'),
(91345364, 'Husky'),
(91345364, 'Moon'),
(91345364, 'Palace'),
(91345364, 'Pugilist'),
(91345364, 'Punish'),
(91345364, 'Quiver'),
(91345364, 'Retribution'),
(91345364, 'Sledgehammer'),
(91345364, 'Stunt'),
(91345364, 'Ulysses'),
(91345364, 'Whirlpool');

-- --------------------------------------------------------

--
-- Structure de la table `localise`
--

DROP TABLE IF EXISTS `localise`;
CREATE TABLE IF NOT EXISTS `localise` (
  `nom_pays` varchar(50) NOT NULL,
  `nom_mission` varchar(30) NOT NULL,
  PRIMARY KEY (`nom_pays`,`nom_mission`),
  KEY `nom_mission` (`nom_mission`)
) ENGINE=MyISAM DEFAULT CHARSET=latin1;

--
-- Déchargement des données de la table `localise`
--

INSERT INTO `localise` (`nom_pays`, `nom_mission`) VALUES
('Aland Islands', 'Diamond'),
('Andorra', 'Mulberry'),
('Angola', 'Octagon'),
('Anguilla', 'Battleaxe'),
('Argentina', 'Zircon'),
('Armenia', 'Waterfall'),
('Aruba', 'Mandibles'),
('Aruba', 'Mystery'),
('Austria', 'Palace'),
('Azerbaijan', 'Dragoon'),
('Azerbaijan', 'Kelpie'),
('Azerbaijan', 'World'),
('Bahamas', 'Top'),
('Bahrain', 'Hercules'),
('Bangladesh', 'Jaguar'),
('Belgium', 'Hiccup'),
('Belgium', 'Python'),
('Benin', 'Backbone'),
('Benin', 'Dracula'),
('Bhutan', 'Dracula'),
('Bhutan', 'Eureka'),
('Bhutan', 'Hello World'),
('Bolivia', 'Piano'),
('Bolivia', 'Pugilist'),
('Bolivia', 'Stunt'),
('Bosnia and Herzegovina', 'Truncheon'),
('Bouvet Island', 'Golf'),
('Brazil', 'Backbone'),
('Brazil', 'Fact'),
('Brazil', 'Terminal'),
('British Indian Ocean Territory', 'Hazard'),
('Bulgaria', 'Punish'),
('Burundi', 'Sextant'),
('Burundi', 'Xenon'),
('Cameroon', 'Anvil'),
('Canada', 'Dracula'),
('Canada', 'Guitar'),
('Canada', 'Workshop'),
('Canton and Enderbury Islands', 'Lifebelt'),
('Cape Verde', 'Ilona'),
('Cape Verde', 'Upkeep'),
('Central African Republic', 'Polaroid'),
('China', 'Kelpie'),
('Cocos Islands', 'Whirlpool'),
('Colombia', 'Xenon'),
('Comoros', 'Hazard'),
('Congo - Brazzaville', 'Felix'),
('Congo - Brazzaville', 'Lifebelt'),
('Congo - Kinshasa', 'Tube Alloys'),
('Cook Islands', 'Sacrifice'),
('Cote dIvoire', 'Violin'),
('Croatia', 'Blackout'),
('Cuba', 'Moon'),
('Denmark', 'Jazz'),
('Djibouti', 'Buccaneer'),
('Djibouti', 'Jazz'),
('Dominica', 'Retribution'),
('Dominica', 'Workshop'),
('Dominican Republic', 'Felix'),
('Dominican Republic', 'Xenon'),
('East Germany', 'Argonaut'),
('East Germany', 'Punish'),
('Ecuador', 'Mandibles'),
('El Salvador', 'Nymph'),
('ENCEINTE', 'GERMANY'),
('Equatorial Guinea', 'Golf'),
('Equatorial Guinea', 'Imperator'),
('Estonia', 'Husky'),
('Ethiopia', 'Guitar'),
('Ethiopia', 'Hobgoblin'),
('Falkland Islands', 'Distance'),
('Falkland Islands', 'Jazz'),
('Falkland Islands', 'Phoenix'),
('Falkland Islands', 'Trident'),
('Faroe Islands', 'Oak'),
('Faroe Islands', 'Workshop'),
('Fiji', 'Bass'),
('Fiji', 'Jazz'),
('Finland', 'Blackout'),
('Finland', 'Jupiter'),
('France', 'Avalanche'),
('France', 'Backbone'),
('France', 'Bass'),
('France', 'Bolero'),
('France', 'Buccaneer'),
('France', 'Buffalo'),
('France', 'Calendar'),
('France', 'Canvas'),
('France', 'Clover'),
('France', 'Crossbow'),
('France', 'Diamond'),
('France', 'Dracula'),
('France', 'Eureka'),
('France', 'Fact'),
('France', 'Felix'),
('France', 'Firebrand'),
('France', 'Fly'),
('France', 'Guitar'),
('France', 'Gymnast'),
('France', 'Hats'),
('France', 'Hazard'),
('France', 'Hello World'),
('France', 'Hercules'),
('France', 'Hiccup'),
('France', 'Hobgoblin'),
('France', 'Husky'),
('France', 'Ilona'),
('France', 'Imperator'),
('France', 'Jaguar'),
('France', 'Jazz'),
('France', 'Jupiter'),
('France', 'Kelpie'),
('France', 'Lifebelt'),
('France', 'Loss'),
('France', 'Mandibles'),
('France', 'Mystery'),
('France', 'Oak'),
('France', 'Octagon'),
('France', 'Opium'),
('France', 'Overlord'),
('France', 'Palace'),
('France', 'Piano'),
('France', 'Polaroid'),
('France', 'Pugilist'),
('France', 'Punish'),
('France', 'Quiver'),
('France', 'Retribution'),
('France', 'Rigid'),
('France', 'Sacrifice'),
('France', 'Sextant'),
('France', 'Stunt'),
('France', 'Super-gymnast'),
('France', 'Terminal'),
('France', 'Trident'),
('France', 'Truck'),
('France', 'Truncheon'),
('France', 'Tube Alloys'),
('France', 'Ulysses'),
('France', 'Violence'),
('France', 'Violin'),
('France', 'Vulcan'),
('France', 'Waterfall'),
('France', 'Whirlpool'),
('France', 'Window'),
('France', 'Workshop'),
('France', 'World'),
('France', 'Xenon'),
('France', 'Yodle'),
('France', 'Zircon'),
('French Guiana', 'Felix'),
('French Guiana', 'Overlord'),
('French Guiana', 'Yawn'),
('French Polynesia', 'Dracula'),
('French Polynesia', 'Opium'),
('French Southern and Antarctic Territories', 'Argonaut'),
('French Southern and Antarctic Territories', 'Golf'),
('French Southern Territories', 'Jinx'),
('Gabon', 'Alchemy'),
('Gabon', 'Menace'),
('Gambia', 'Opium'),
('Georgia', 'Super-gymnast'),
('Gibraltar', 'Polaroid'),
('Greece', 'Battleaxe'),
('Grenada', 'Clover'),
('Grenada', 'Guitar'),
('Guatemala', 'Battleaxe'),
('Guatemala', 'Magnet'),
('Guernsey', 'Strangle'),
('Guernsey', 'Whirlpool'),
('Guinea', 'Bass'),
('Guinea', 'Moon'),
('Guinea-Bissau', 'Opium'),
('Haiti', 'Eureka'),
('Honduras', 'Buccaneer'),
('Hong Kong SAR China', 'Truncheon'),
('Hungary', 'Mulberry'),
('Hungary', 'Polaroid'),
('Hungary', 'Tube Alloys'),
('Hungary', 'Velvet'),
('Indonesia', 'Calendar'),
('Indonesia', 'Hercules'),
('Indonesia', 'Super-gymnast'),
('Iran', 'Ulysses'),
('Iraq', 'Phoenix'),
('Ireland', 'Buccaneer'),
('Ireland', 'Mystery'),
('Ireland', 'Top'),
('Italy', 'Yodle'),
('Jamaica', 'Kelpie'),
('Jamaica', 'Selfish'),
('Japan', 'Jazz'),
('Japan', 'Ulysses'),
('Jersey', 'Kingpin'),
('Jersey', 'Stunt'),
('Johnston Island', 'Yawn'),
('Jordan', 'Overlord'),
('Jordan', 'Vulcan'),
('JUICE', 'France'),
('Kazakhstan', 'Waterfall'),
('Kenya', 'Calendar'),
('Kiribati', 'Jaguar'),
('Kuwait', 'Firebrand'),
('Kuwait', 'Imperator'),
('Kyrgyzstan', 'Hobgoblin'),
('Kyrgyzstan', 'Window'),
('Laos', 'Canvas'),
('Laos', 'Dragoon'),
('Laos', 'Hercules'),
('Latvia', 'Zircon'),
('Lesotho', 'Truncheon'),
('Liechtenstein', 'Alchemy'),
('Liechtenstein', 'Blackout'),
('Liechtenstein', 'Catapult'),
('Macedonia', 'Hats'),
('Macedonia', 'Sledgehammer'),
('Malawi', 'Polaroid'),
('Malaysia', 'Strangle'),
('Malaysia', 'Upkeep'),
('Malta', 'Top'),
('Malta', 'Zircon'),
('Marshall Islands', 'Kingpin'),
('Mauritius', 'Golf'),
('Metropolitan France', 'Trident'),
('Metropolitan France', 'World'),
('Mexico', 'Jupiter'),
('Micronesia', 'Quiver'),
('Monaco', 'Calendar'),
('Monaco', 'Hello World'),
('Monaco', 'Ranger'),
('Mongolia', 'Crossbow'),
('Montenegro', 'Jinx'),
('Montenegro', 'Trident'),
('Montenegro', 'Workshop'),
('Montserrat', 'Distance'),
('Mozambique', 'Argonaut'),
('Myanmar', 'Mandibles'),
('Namibia', 'Hello World'),
('Nepal', 'Kingpin'),
('Nepal', 'Top'),
('Netherlands', 'Anvil'),
('Netherlands', 'Bonus'),
('Netherlands', 'Fly'),
('Netherlands Antilles', 'Octagon'),
('New Caledonia', 'Battleaxe'),
('Nicaragua', 'Nymph'),
('Nigeria', 'Ranger'),
('North Korea', 'Lifebelt'),
('Northern Mariana Islands', 'Mandibles'),
('Northern Mariana Islands', 'Violence'),
('Norway', 'Velvet'),
('Oman', 'Canvas'),
('Oman', 'Jinx'),
('Oman', 'Oak'),
('Oman', 'Python'),
('Oman', 'Workshop'),
('Pacific Islands Trust Territory', 'Workshop'),
('Palestinian Territories', 'Violence'),
('Palestinian Territories', 'Violin'),
('Panama', 'Hats'),
('Panama', 'Moon'),
('Panama', 'Truck'),
('Paraguay', 'Hazard'),
('Paraguay', 'Upkeep'),
('Peoples Democratic Republic of Yemen', 'Piano'),
('Peru', 'Dragonfly'),
('Philippines', 'Dracula'),
('Poland', 'Crossbow'),
('Poland', 'Hobgoblin'),
('Puerto Rico', 'Fly'),
('Puerto Rico', 'Teacup'),
('Reunion', 'Firebrand'),
('Reunion', 'Menace'),
('Reunion', 'Python'),
('Russia', 'Hello World'),
('Rwanda', 'Anvil'),
('Saint Barthelemy', 'Sextant'),
('Saint Helena', 'Zircon'),
('Saint Kitts and Nevis', 'Ranger'),
('Saint Martin', 'Battleaxe'),
('Saint Martin', 'Felix'),
('Saint Pierre and Miquelon', 'Fly'),
('Saint Pierre and Miquelon', 'Python'),
('Saint Vincent and the Grenadines', 'Bass'),
('Samoa', 'Anvil'),
('Sao Tome and Principe', 'Top'),
('Saudi Arabia', 'Mystery'),
('Saudi Arabia', 'Ulysses'),
('Serbia', 'Gymnast'),
('Serbia and Montenegro', 'Fly'),
('Serbia and Montenegro', 'Violin'),
('Seychelles', 'Eureka'),
('Seychelles', 'Sledgehammer'),
('Sierra Leone', 'Dragoon'),
('Sierra Leone', 'Husky'),
('Slovenia', 'Tube Alloys'),
('South Georgia and the South Sandwich Islands', 'Firebrand'),
('South Georgia and the South Sandwich Islands', 'Violin'),
('South Korea', 'Lifebelt'),
('South Korea', 'Zircon'),
('Spain', 'Buffalo'),
('Sri Lanka', 'Teacup'),
('Suriname', 'Hello World'),
('Suriname', 'Octagon'),
('Suriname', 'Ulysses'),
('Swaziland', 'Selfish'),
('Sweden', 'Strangle'),
('Switzerland', 'Ranger'),
('Switzerland', 'Teacup'),
('Taiwan', 'Lifebelt'),
('Taiwan', 'Octagon'),
('Taiwan', 'Window'),
('Tanzania', 'Buffalo'),
('Thailand', 'Phoenix'),
('Thailand', 'Retribution'),
('Timor-Leste', 'Jupiter'),
('Timor-Leste', 'Stunt'),
('Togo', 'Mystery'),
('Tokelau', 'Rigid'),
('Tonga', 'Canvas'),
('Tonga', 'Dragoon'),
('Trinidad and Tobago', 'Loss'),
('Trinidad and Tobago', 'Selfish'),
('Trinidad and Tobago', 'Truck'),
('Trinidad and Tobago', 'Waterfall'),
('Tunisia', 'Jupiter'),
('Tunisia', 'Retribution'),
('Turkey', 'Canvas'),
('Turkmenistan', 'Buffalo'),
('Turkmenistan', 'Catapult'),
('Tuvalu', 'Mandibles'),
('Tuvalu', 'Teacup'),
('Tuvalu', 'Upkeep'),
('U.S. Minor Outlying Islands', 'Husky'),
('U.S. Minor Outlying Islands', 'Teacup'),
('U.S. Virgin Islands', 'Stunt'),
('Ukraine', 'Teacup'),
('Union of Soviet Socialist Republics', 'Clover'),
('United Arab Emirates', 'Waterfall'),
('United Kingdom', 'Bonus'),
('United Kingdom', 'Piano'),
('United Kingdom', 'Punish'),
('United Kingdom', 'Rigid'),
('United Kingdom', 'Violin'),
('United States', 'Ulysses'),
('Unknown or Invalid Region', 'Punish'),
('Uruguay', 'Blackout'),
('Uruguay', 'Dracula'),
('Uruguay', 'Mulberry'),
('Uzbekistan', 'Elf'),
('Uzbekistan', 'Yawn'),
('Vanuatu', 'Bolero'),
('Vatican City', 'Xenon'),
('Western Sahara', 'Dragoon'),
('Western Sahara', 'Jupiter'),
('Yemen', 'Buffalo'),
('Zambia', 'Dragonfly'),
('Zambia', 'Waterfall');

-- --------------------------------------------------------

--
-- Structure de la table `mission`
--

DROP TABLE IF EXISTS `mission`;
CREATE TABLE IF NOT EXISTS `mission` (
  `nom_mission` varchar(30) NOT NULL,
  `type_mission` varchar(30) DEFAULT NULL,
  `etat_mission` varchar(30) NOT NULL,
  PRIMARY KEY (`nom_mission`)
) ENGINE=MyISAM DEFAULT CHARSET=latin1;

--
-- Déchargement des données de la table `mission`
--

INSERT INTO `mission` (`nom_mission`, `type_mission`, `etat_mission`) VALUES
('Octagon', 'Informatique', 'en cours'),
('Punish', 'Elimination', 'fini'),
('Argonaut', 'Enquete', 'en cours'),
('Bolero', 'Enquete', 'en cours'),
('Backbone', 'Informatique', 'fini'),
('Ilona', 'Enquete interne', 'fini'),
('Vulcan', 'Contre-espionnage', 'fini'),
('Window', 'Action', 'fini'),
('Phoenix', 'Enquete', 'fini'),
('Trident', 'Assistance', 'fini'),
('Battleaxe', 'Elimination', 'en cours'),
('Guitar', 'Informatique', 'fini'),
('Crossbow', 'Defense', 'en cours'),
('Workshop', 'Assistance', 'en cours'),
('Truncheon', 'Defense', 'fini'),
('Magnet', 'Contre-espionnage', 'fini'),
('Imperator', 'Enquete', 'fini'),
('Dragoon', 'Elimination', 'fini'),
('Eureka', 'Informatique', 'fini'),
('Hercules', 'Action', 'fini'),
('Jupiter', 'Enquete interne', 'fini'),
('Sextant', 'Informatique', 'fini'),
('Tube Alloys', 'Informatique', 'fini'),
('Velvet', 'Assistance', 'fini'),
('Lifebelt', 'Assistance', 'en cours'),
('Terminal', 'Enquete', 'en cours'),
('Avalanche', 'Elimination', 'fini'),
('Gymnast', 'Defense', 'fini'),
('Catapult', 'Contre-espionnage', 'fini'),
('Mandibles', 'Action', 'fini'),
('Kingpin', 'Assistance', 'fini'),
('Mulberry', 'Enquete Interne', 'fini'),
('Jaguar', 'Informatique', 'fini'),
('Husky', 'Elimination', 'en cours'),
('Hobgoblin', 'Defense', 'fini'),
('Felix', 'Action', 'fini'),
('Python', 'Enquete', 'fini'),
('Bonus', 'Contre-espionnage', 'fini'),
('Sledgehammer', 'Elimination', 'fini'),
('Canvas', 'Informatique', 'fini'),
('Dracula', 'Assistance', 'fini'),
('Overlord', 'Enquete', 'fini'),
('Super-gymnast', 'Defense', 'fini'),
('Pugilist', 'Elimination', 'fini'),
('Fly', 'Enquete', 'fini'),
('Buccaneer', 'Enquete interne', 'fini'),
('Anvil', 'Informatique', 'fini'),
('Hats', 'Contre-espionnage', 'fini'),
('Loss', 'Assistance', 'fini'),
('Menace', 'Action', 'fini'),
('Firebrand', 'Defense', 'fini'),
('Palace', 'Elimination', 'fini'),
('Kelpie', 'Enquete', 'fini'),
('Sacrifice', 'Defense', 'fini'),
('Upkeep', 'Informatique', 'fini'),
('Bass', 'Assistance', 'fini'),
('Retribution', 'Elimination', 'fini'),
('Dragonfly', 'Enquete interne', 'fini'),
('Zircon', 'Contre-espionnage', 'fini'),
('Yodle', 'Action', 'fini'),
('Teacup', 'Defense', 'fini'),
('World', 'Enquete', 'fini'),
('Calendar', 'Elimination', 'fini'),
('Jazz', 'Enquete', 'fini'),
('Strangle', 'Action', 'fini'),
('Rigid', 'Assistance', 'fini'),
('Hazard', 'Informatique', 'fini'),
('Clover', 'Contre-espionnage', 'fini'),
('Violence', 'Defense', 'fini'),
('Nymph', 'Enquete interne', 'fini'),
('Quiver', 'Elimination', 'fini'),
('Hiccup', 'Assistance', 'fini'),
('Golf', 'Action', 'fini'),
('Piano', 'Informatique', 'fini'),
('Xenon', 'Enquete', 'fini'),
('Distance', 'Contre-espionnage', 'fini'),
('Blackout', 'Defense', 'fini'),
('Whirlpool', 'Elimination', 'fini'),
('Elf', 'Assistance', 'fini'),
('Mystery', 'Enquete interne', 'fini'),
('Violin', 'Informatique', 'fini'),
('Fact', 'Action', 'fini'),
('Top', 'Defense', 'fini'),
('Selfish', 'Enquete', 'fini'),
('Ulysses', 'Elimination', 'fini'),
('Alchemy', 'Informatique', 'fini'),
('Knuckle', 'Assistance', 'fini'),
('Jinx', 'Contre-espionnage', 'fini'),
('Oak', 'Enquete', 'fini'),
('Ranger', 'Defense', 'fini'),
('Moon', 'Elimination', 'fini'),
('Truck', 'Assistance', 'fini'),
('Opium', 'Action', 'fini'),
('Buffalo', 'Informatique', 'fini'),
('Diamond', 'Enquete interne', 'fini'),
('Yawn', 'Action', 'fini'),
('Hello World', 'Informatique', 'fini'),
('Polaroid', 'Defense', 'fini'),
('Waterfall', 'Enquete', 'fini'),
('Stunt', 'Elimination', 'fini');

-- --------------------------------------------------------

--
-- Structure de la table `participe`
--

DROP TABLE IF EXISTS `participe`;
CREATE TABLE IF NOT EXISTS `participe` (
  `nom_de_code` varchar(30) NOT NULL,
  `nom_mission` varchar(30) NOT NULL,
  PRIMARY KEY (`nom_de_code`,`nom_mission`),
  KEY `nom_mission` (`nom_mission`)
) ENGINE=MyISAM DEFAULT CHARSET=latin1;

--
-- Déchargement des données de la table `participe`
--

INSERT INTO `participe` (`nom_de_code`, `nom_mission`) VALUES
('ABBAYE', 'Fly'),
('ABBAYE', 'Kingpin'),
('ABONDANTE', 'Quiver'),
('ABRICOT', 'Workshop'),
('ABSTRAITE', 'Strangle'),
('ACACIA', 'Lifebelt'),
('ACCOMPAGNANT', 'Argonaut'),
('ACCORDEES', 'Argonaut'),
('ADMIRABLE', 'Alchemy'),
('ADOPTANT', 'Top'),
('ADOPTE', 'Gymnast'),
('ADOPTE', 'Truncheon'),
('AFFIRMATION', 'Strangle'),
('AIGREURS', 'Waterfall'),
('AIMERAIT', 'Trident'),
('ALLECHER', 'Trident'),
('ALLEE', 'Hiccup'),
('ALLEGRO', 'Yawn'),
('ALPINISTE', 'Pugilist'),
('ALTERER', 'Jupiter'),
('AMBULANCE', 'Vulcan'),
('AMENAGEE', 'Punish'),
('AMERICANISER', 'Battleaxe'),
('AMICAL', 'Terminal'),
('AMOINDRIR', 'Mandibles'),
('AMOUR', 'Truncheon'),
('ANCIENNETE', 'Trident'),
('ANGERS', 'Violin'),
('ANTIPATHIQUE', 'Fact'),
('ANTIPATHIQUE', 'Fly'),
('APOSTROPHE', 'Jupiter'),
('APPESANTIR', 'Golf'),
('APPLICATION', 'Opium'),
('APPORTANT', 'Moon'),
('APPROBATION', 'Overlord'),
('ARE', 'Retribution'),
('ARMES', 'Super-gymnast'),
('ARTICLES', 'Mandibles'),
('ASSIMILE', 'Hazard'),
('ASSONANCE', 'Loss'),
('ATMOSPHERIQUE', 'Bonus'),
('ATTENDAIENT', 'Alchemy'),
('ATTENTIF', 'Catapult'),
('ATTRIBUTIONS', 'Anvil'),
('AUTOMATISATION', 'Upkeep'),
('AVIATEUR', 'World'),
('AXIOME', 'Ranger'),
('AZERBAIDJANAISE', 'Firebrand'),
('AZUR', 'Upkeep'),
('BAISSE', 'Hats'),
('BALISTIQUE', 'Ranger'),
('BALLERINE', 'Super-gymnast'),
('BALTIQUE', 'Bolero'),
('BANNIR', 'Hazard'),
('BARBELES', 'Ilona'),
('BAVER DE', 'Diamond'),
('BERKELEY', 'Whirlpool'),
('BIOLOGIQUE', 'Hercules'),
('BIS', 'Window'),
('BLUTOIR', 'Hercules'),
('BOB', 'Argonaut'),
('BOB', 'Crossbow'),
('BOSSE', 'Sledgehammer'),
('BOUFFEE', 'Rigid'),
('BRIGADES', 'Canvas'),
('BUDGETAIRES', 'Top'),
('BUTIN', 'Hello World'),
('CANETTI', 'Teacup'),
('CARACTERISER', 'Backbone'),
('CASSE', 'Kelpie'),
('CATASTROPHE', 'Hobgoblin'),
('CELEBRATION', 'Hazard'),
('CESAR', 'Truncheon'),
('CESSE', 'Mandibles'),
('CEUX-LA', 'Distance'),
('CEUX-LA', 'Truncheon'),
('CHALAND', 'Jazz'),
('CHALOUPE', 'Tube Alloys'),
('CHANSONS', 'Palace'),
('CHANTAL', 'Blackout'),
('CHARLES', 'Dracula'),
('CHEQUE', 'Dracula'),
('CHIENS', 'Fly'),
('CHIENS', 'Sledgehammer'),
('CIBLA', 'Hiccup'),
('CINEMATOGRAPHIQUE', 'Hats'),
('CIRCULAIT', 'Firebrand'),
('CIRCULAIT', 'Fly'),
('CLASSES', 'Ulysses'),
('CLOCHETTE', 'Calendar'),
('COMMEMORATION', 'Phoenix'),
('COMPARAISONS', 'Kelpie'),
('COMPLEXE', 'Punish'),
('COMPORTAIT', 'Velvet'),
('CONJONCTION', 'Jinx'),
('CONJUGAISON', 'Husky'),
('CONJUGAISON', 'Python'),
('CONSERVEE', 'Piano'),
('CONTINUAIENT', 'Dragonfly'),
('CONTRAINTE', 'Catapult'),
('CORRELATIF', 'Sextant'),
('COTATIONS', 'Sledgehammer'),
('COUVENT', 'Elf'),
('CRIMES', 'Moon'),
('CRISPER', 'Phoenix'),
('CRISTAL', 'Octagon'),
('CROCHETEUR', 'Bonus'),
('DAIMLER', 'Palace'),
('DATER', 'Sextant'),
('DECACHETE', 'Alchemy'),
('DECERNE', 'Sledgehammer'),
('DECONTRACTER', 'Violence'),
('DECOTE', 'Moon'),
('DEFAILLANCE', 'Avalanche'),
('DEFENDUE', 'Hello World'),
('DEFENDUE', 'Jinx'),
('DEFORME', 'Clover'),
('DEGAUCHISSEUSE', 'Pugilist'),
('DEMENTIEL', 'Quiver'),
('DEMOCRATIE', 'Ilona'),
('DEMOGRAPHIQUES', 'Kelpie'),
('DEPASSENT', 'Polaroid'),
('DEPIT DE', 'Backbone'),
('DERACINER', 'Distance'),
('DERIVES', 'Loss'),
('DESCENDRE', 'Zircon'),
('DESIRE', 'Ulysses'),
('DESIREUX', 'Elf'),
('DESSINATEUR', 'Ranger'),
('DESSINER', 'Bolero'),
('DETRESSE', 'Sledgehammer'),
('DEUX', 'Guitar'),
('DEVASTE', 'Mulberry'),
('DEVOILER', 'Oak'),
('DIALECTES', 'Super-gymnast'),
('DIFFORMITE', 'Argonaut'),
('DIFFRACTE', 'Upkeep'),
('DILUE', 'Jaguar'),
('DIRIGEE', 'Violin'),
('DISCRIMINATION', 'Imperator'),
('DISCRIMINE', 'World'),
('DISTINGUER DE', 'Moon'),
('DIVERGENTES', 'Alchemy'),
('DIVISE', 'Golf'),
('DOMICILE', 'Crossbow'),
('DONNERONT', 'Rigid'),
('DORDOGNE', 'Hello World'),
('DORDOGNE', 'Strangle'),
('DOUBLEE', 'Mandibles'),
('DOUBLEMENT', 'Jaguar'),
('ECLUSER', 'Hello World'),
('ECLUSER', 'Overlord'),
('ECONOMIQUEMENT', 'Menace'),
('EDIFIER', 'Mandibles'),
('EFFACE', 'Retribution'),
('EFFICACES', 'Sextant'),
('ELABORE', 'Distance'),
('ELABORE', 'Hello World'),
('ELANCE', 'Dragonfly'),
('ELUDER', 'Hello World'),
('EMMERDEUSE', 'Jupiter'),
('EN-TETE', 'Pugilist'),
('ENTRETENUS', 'Golf'),
('EPARGNER', 'Zircon'),
('EPAVE', 'Palace'),
('ESSIEU', 'Backbone'),
('ESTIMAIENT', 'Xenon'),
('EXALTER', 'Sextant'),
('EXCESSIVEMENT', 'Violin'),
('EXPLORATEUR', 'Imperator'),
('EXQUIS', 'Ranger'),
('FAITS DIVERS', 'Super-gymnast'),
('FAMILIALES', 'Quiver'),
('FATUITE', 'Fly'),
('FATUITE', 'Teacup'),
('FAUDRA', 'Backbone'),
('FAUDRA', 'Super-gymnast'),
('FAUX JETON', 'Fact'),
('FERVEUR', 'Mandibles'),
('FEUTRE', 'Guitar'),
('FILOUTER', 'Kingpin'),
('FISCALITE', 'Backbone'),
('FLUIDITE', 'Mulberry'),
('FONT', 'Kelpie'),
('FONT', 'Super-gymnast'),
('FORMULAIRE', 'Gymnast'),
('FORMULEE', 'Sledgehammer'),
('FOU RIRE', 'Jupiter'),
('FOUDROYANT', 'World'),
('FRAGILES', 'Zircon'),
('FRANCOPHONE', 'Crossbow'),
('FRAPPANTE', 'Super-gymnast'),
('FRAPPANTE', 'Truncheon'),
('FREUD', 'Kingpin'),
('FUIENT', 'Mystery'),
('GAGNENT', 'Upkeep'),
('GARANTIE', 'Polaroid'),
('GARNIER', 'Nymph'),
('GEMIR', 'Violence'),
('GENERATEUR', 'Tube Alloys'),
('GEORGI', 'Opium'),
('GESIR', 'Python'),
('GESIR', 'Truck'),
('GLOBE', 'Quiver'),
('GLORIEUX', 'Brimstone'),
('GOLF', 'Dragoon'),
('GOULET', 'Anvil'),
('GOUT', 'Opium'),
('GRAINS', 'Opium'),
('GRAMOPHONE', 'Python'),
('GRAMOPHONE', 'Whirlpool'),
('GRATUITE', 'Diamond'),
('GRILLES', 'Truck'),
('GROSSISTE', 'Dragoon'),
('HABITUDE', 'Jaguar'),
('HERACLITE', 'Rigid'),
('HERBORISTE', 'Hiccup'),
('HOTELIER', 'Upkeep'),
('HUTTE', 'World'),
('IBERT', 'Jaguar'),
('IDENTIQUE', 'Zircon'),
('IMPULSION', 'Truck'),
('INCLURE', 'Quiver'),
('INCONTESTABLE', 'Polaroid'),
('INFICHU', 'Window'),
('INFRACTIONS', 'Stunt'),
('INHUMANITE', 'Mandibles'),
('INSCRITS', 'Trident'),
('INSTITUT', 'Avalanche'),
('INSULAIRE', 'Jaguar'),
('INSULAIRE', 'Python'),
('INTERDITES', 'Zircon'),
('INTERVALLES', 'Python'),
('INVENTION', 'Yodle'),
('JETTE', 'Fly'),
('JETTE', 'Whirlpool'),
('JOIE', 'Mandibles'),
('JOUAIENT', 'Pugilist'),
('KADAR', 'Backbone'),
('LA-BAS', 'Truncheon'),
('LANCER', 'Top'),
('LANGUE', 'Vulcan'),
('LEGALEMENT', 'Buccaneer'),
('LEVE', 'Knuckle'),
('LIBERTE', 'Imperator'),
('LIMINAIRE', 'Jupiter'),
('LIMITE', 'Truck'),
('LIRE', 'Knuckle'),
('LOGICIEL', 'Trident'),
('MAJEURE', 'Ulysses'),
('MALEDICTION', 'Strangle'),
('MANIE', 'Alchemy'),
('MARMITE', 'Hiccup'),
('MARTINIQUE', 'Alchemy'),
('MASQUE', 'Firebrand'),
('MAUDIRE', 'Hercules'),
('MAUDIT', 'Gymnast'),
('MENACEE', 'Jinx'),
('MENTIR', 'Whirlpool'),
('MEPRISER', 'Punish'),
('MICHELIN', 'Crossbow'),
('MIENS', 'Battleaxe'),
('MILAN', 'Selfish'),
('MODE', 'Hazard'),
('MOMENTANEMENT', 'Loss'),
('MONTAGNARD', 'Punish'),
('MORAUX', 'Brimstone'),
('MULES', 'Pugilist'),
('NAVETTE', 'Overlord'),
('NAVIGATION', 'Python'),
('NECESSITENT', 'Yawn'),
('NETTOIEMENT', 'Lifebelt'),
('NINA', 'Bolero'),
('NUE', 'Jazz'),
('OBSCENITE', 'Python'),
('OBSTETRIQUE', 'Selfish'),
('OPERATION', 'Overlord'),
('OPERES', 'Kingpin'),
('OPPOSE', 'Imperator'),
('ORIENTALES', 'Kelpie'),
('PACTOLE', 'Bass'),
('PALESTINIENS', 'Violin'),
('PAPERASSIER', 'Calendar'),
('PAPILLON', 'Oak'),
('PARFUMER', 'Truck'),
('PARMI', 'Battleaxe'),
('PARTAGES', 'Battleaxe'),
('PARTITIONS', 'Upkeep'),
('PAS', 'Catapult'),
('PASSE-PARTOUT', 'Sextant'),
('PAYEE', 'Jaguar'),
('PAYEE', 'Super-gymnast'),
('PERSUADES', 'Argonaut'),
('PERTURBATION', 'Palace'),
('PERTURBATIONS', 'Overlord'),
('PETOCHARDE', 'Avalanche'),
('PIMENT', 'Canvas'),
('PIONNIERE', 'Calendar'),
('PIPE', 'World'),
('PITIE', 'Gymnast'),
('PLANETE', 'Stunt'),
('POINCON', 'Elf'),
('POINDRE', 'Buffalo'),
('POLEMIQUES', 'Hats'),
('PORTE', 'Hello World'),
('PORTE', 'Upkeep'),
('PORTUGAL', 'Guitar'),
('POSSESSION', 'Kingpin'),
('POSTALES', 'Yodle'),
('POTENTIELLEMENT', 'Ranger'),
('POUFFIASSE', 'Hello World'),
('POULS', 'Teacup'),
('POUPONNIERE', 'Alchemy'),
('POUSSE', 'Hello World'),
('POUVAIENT', 'Truck'),
('PRENDRE', 'Jazz'),
('PREOCCUPE', 'Alchemy'),
('PRESENTE', 'Piano'),
('PRESIDENTIEL', 'Vulcan'),
('PRIVATISATION', 'Buccaneer'),
('PRIVILEGIER', 'Sledgehammer'),
('PROCEDER', 'Crossbow'),
('PRODIGIEUX', 'Magnet'),
('PROGRAMMEES', 'Trident'),
('PROGRESSISTE', 'Hello World'),
('PROMULGUER', 'Husky'),
('PROPRIETES', 'Bolero'),
('PROSPERITE', 'Violence'),
('PROTESTE', 'Terminal'),
('PROUVER', 'Selfish'),
('PRUNIER', 'Quiver'),
('PUBLICITE', 'Overlord'),
('RAJIDE', 'Waterfall'),
('RATION', 'Dracula'),
('RECOLTES', 'Palace'),
('RECONCILIER', 'Calendar'),
('RECONNAISSENT', 'Phoenix'),
('REDIGE', 'Backbone'),
('REFERENCES', 'Canvas'),
('REFLETE', 'Bolero'),
('REGLE', 'Vulcan'),
('REGNE', 'Ilona'),
('REGROUPER', 'Yawn'),
('REPERES', 'Whirlpool'),
('REPOUSSANT', 'Quiver'),
('REPRISE', 'Xenon'),
('RESSENTIR', 'Backbone'),
('RESTERONT', 'Anvil'),
('RETORQUER', 'Golf'),
('RICANER', 'Dragonfly'),
('RICANER', 'Hello World'),
('RIVALISER', 'Imperator'),
('RIVIERE', 'Waterfall'),
('ROSE', 'Trident'),
('ROUES', 'Kelpie'),
('ROUGE-GORGE', 'Eureka'),
('ROUI', 'Xenon'),
('SA VIE', 'Distance'),
('SANITAIRES', 'Terminal'),
('SCELERAT', 'Clover'),
('SCIENCE', 'Jazz'),
('SECRETE', 'Super-gymnast'),
('SECULIER', 'Fly'),
('SECULIER', 'Hobgoblin'),
('SENTIR', 'Window'),
('SIGLE', 'Guitar'),
('SIGLE', 'Hello World'),
('SIGLE', 'Truncheon'),
('SILLAGE', 'Hello World'),
('SILLAGE', 'Mystery'),
('SIMPLIFIER', 'Hiccup'),
('SITUEE', 'Mulberry'),
('SOFIA', 'Sledgehammer'),
('SOLLICITES', 'Blackout'),
('SORTENT', 'Stunt'),
('SORTILEGE', 'Bolero'),
('SOUBRETTE', 'Bass'),
('SOUFFRENT', 'Menace'),
('SOULEVER', 'Avalanche'),
('SOULIGNE', 'Bonus'),
('SOUSSIGNE', 'Phoenix'),
('SPECIFIQUE', 'Lifebelt'),
('SPORE', 'Super-gymnast'),
('STALINISME', 'Bolero'),
('STANDARDISE', 'Brimstone'),
('STEPHANE', 'Moon'),
('STRESS', 'Dracula'),
('SUFFIRONT', 'Avalanche'),
('SUGGESTIONS', 'Super-gymnast'),
('SUPERLATIF', 'Mulberry'),
('SURENCHERES', 'Zircon'),
('SURHUMAIN', 'Workshop'),
('SURSAUT', 'Jazz'),
('TALON', 'Bolero'),
('TAQUINERIE', 'Hobgoblin'),
('TECHNIQUEMENT', 'Avalanche'),
('TEL', 'Violin'),
('TELEVISES', 'Felix'),
('TERMINE', 'Husky'),
('THAILANDE', 'Trident'),
('THEATRE', 'Kingpin'),
('TIARE', 'Jupiter'),
('TORTIONNAIRE', 'World'),
('TORTURER', 'Firebrand'),
('TORTURER', 'Python'),
('TOUCHEES', 'Knuckle'),
('TOURNANT', 'Whirlpool'),
('TOUS', 'Dragonfly'),
('TRANCHER', 'Knuckle'),
('TRANSMISE', 'Bolero'),
('TRANSPIRANT', 'Gymnast'),
('TRANSPOSITION', 'Elf'),
('TROMPES', 'Alchemy'),
('TROUBLE', 'Punish'),
('TROUVAIENT', 'Workshop'),
('TROYES', 'Avalanche'),
('TYPHON', 'Hello World'),
('TYPHON', 'Kingpin'),
('URINE', 'Hobgoblin'),
('VEILLE', 'Golf'),
('VENTER', 'Velvet'),
('VERDICT', 'Menace'),
('VEREUX', 'Gymnast'),
('VERSEE', 'Sextant'),
('VISITE', 'Super-gymnast'),
('VOISINS', 'Violin'),
('VOLUMES', 'Buffalo'),
('VOYAIT', 'Workshop'),
('VRAIE', 'Jaguar'),
('WAGON', 'Argonaut'),
('YARD', 'Stunt');

-- --------------------------------------------------------

--
-- Structure de la table `pays`
--

DROP TABLE IF EXISTS `pays`;
CREATE TABLE IF NOT EXISTS `pays` (
  `nom` varchar(50) NOT NULL,
  `niv_danger` decimal(4,0) DEFAULT NULL,
  PRIMARY KEY (`nom`)
) ENGINE=MyISAM DEFAULT CHARSET=latin1;

--
-- Déchargement des données de la table `pays`
--

INSERT INTO `pays` (`nom`, `niv_danger`) VALUES
('Afghanistan', '4'),
('Albania', '1'),
('Algeria', '1'),
('American Samoa', '4'),
('Andorra', '2'),
('Angola', '4'),
('Anguilla', '2'),
('Antarctica', '2'),
('Antigua and Barbuda', '0'),
('Argentina', '4'),
('Armenia', '3'),
('Aruba', '3'),
('Australia', '3'),
('Austria', '3'),
('Azerbaijan', '3'),
('Bahamas', '3'),
('Bahrain', '1'),
('Bangladesh', '1'),
('Barbados', '2'),
('Belarus', '3'),
('Belgium', '0'),
('Belize', '1'),
('Benin', '4'),
('Bermuda', '3'),
('Bhutan', '0'),
('Bolivia', '2'),
('Bosnia and Herzegovina', '2'),
('Botswana', '0'),
('Bouvet Island', '2'),
('Brazil', '3'),
('British Antarctic Territory', '2'),
('British Indian Ocean Territory', '2'),
('British Virgin Islands', '3'),
('Brunei', '4'),
('Bulgaria', '1'),
('Burkina Faso', '3'),
('Burundi', '0'),
('Cambodia', '2'),
('Cameroon', '3'),
('Canada', '2'),
('Canton and Enderbury Islands', '1'),
('Cape Verde', '0'),
('Cayman Islands', '0'),
('Central African Republic', '1'),
('Chad', '3'),
('Chile', '2'),
('China', '1'),
('Christmas Island', '2'),
('Cocos Islands', '4'),
('Colombia', '1'),
('Comoros', '1'),
('Congo - Brazzaville', '0'),
('Congo - Kinshasa', '0'),
('Cook Islands', '4'),
('Costa Rica', '1'),
('Croatia', '1'),
('Cuba', '3'),
('Cyprus', '3'),
('Czech Republic', '0'),
('Cote dIvoire', '1'),
('Denmark', '3'),
('Djibouti', '1'),
('Dominica', '4'),
('Dominican Republic', '1'),
('Dronning Maud Land', '4'),
('East Germany', '4'),
('Ecuador', '0'),
('Egypt', '0'),
('El Salvador', '2'),
('Equatorial Guinea', '2'),
('Eritrea', '2'),
('Estonia', '0'),
('Ethiopia', '0'),
('Falkland Islands', '1'),
('Faroe Islands', '0'),
('Fiji', '0'),
('Finland', '1'),
('France', '4'),
('French Guiana', '2'),
('French Polynesia', '2'),
('French Southern Territories', '3'),
('French Southern and Antarctic Territories', '3'),
('Gabon', '2'),
('Gambia', '0'),
('Georgia', '2'),
('Germany', '2'),
('Ghana', '2'),
('Gibraltar', '3'),
('Greece', '3'),
('Greenland', '4'),
('Grenada', '2'),
('Guadeloupe', '1'),
('Guam', '2'),
('Guatemala', '2'),
('Guernsey', '0'),
('Guinea', '0'),
('Guinea-Bissau', '0'),
('Guyana', '3'),
('Haiti', '3'),
('Heard Island and McDonald Islands', '3'),
('Honduras', '1'),
('Hong Kong SAR China', '1'),
('Hungary', '4'),
('Iceland', '0'),
('India', '1'),
('Indonesia', '4'),
('Iran', '0'),
('Iraq', '1'),
('Ireland', '0'),
('Isle of Man', '1'),
('Israel', '0'),
('Italy', '1'),
('Jamaica', '1'),
('Japan', '0'),
('Jersey', '3'),
('Johnston Island', '0'),
('Jordan', '3'),
('Kazakhstan', '2'),
('Kenya', '2'),
('Kiribati', '0'),
('Kuwait', '0'),
('Kyrgyzstan', '1'),
('Laos', '4'),
('Latvia', '3'),
('Lebanon', '1'),
('Lesotho', '0'),
('Liberia', '0'),
('Libya', '3'),
('Liechtenstein', '0'),
('Lithuania', '0'),
('Luxembourg', '4'),
('Macau SAR China', '0'),
('Macedonia', '2'),
('Madagascar', '0'),
('Malawi', '2'),
('Malaysia', '3'),
('Maldives', '4'),
('Mali', '1'),
('Malta', '0'),
('Marshall Islands', '1'),
('Martinique', '2'),
('Mauritania', '1'),
('Mauritius', '2'),
('Mayotte', '0'),
('Metropolitan France', '3'),
('Mexico', '4'),
('Micronesia', '3'),
('Midway Islands', '0'),
('Moldova', '3'),
('Monaco', '1'),
('Mongolia', '1'),
('Montenegro', '4'),
('Montserrat', '2'),
('Morocco', '0'),
('Mozambique', '0'),
('Myanmar', '3'),
('Namibia', '0'),
('Nauru', '2'),
('Nepal', '4'),
('Netherlands', '1'),
('Netherlands Antilles', '4'),
('Neutral Zone', '2'),
('New Caledonia', '2'),
('New Zealand', '3'),
('Nicaragua', '0'),
('Niger', '4'),
('Nigeria', '3'),
('Niue', '3'),
('Norfolk Island', '0'),
('North Korea', '0'),
('North Vietnam', '1'),
('Northern Mariana Islands', '1'),
('Norway', '4'),
('Oman', '4'),
('Pacific Islands Trust Territory', '1'),
('Pakistan', '2'),
('Palau', '2'),
('Palestinian Territories', '3'),
('Panama', '2'),
('Panama Canal Zone', '3'),
('Papua New Guinea', '0'),
('Paraguay', '1'),
('Peoples Democratic Republic of Yemen', '4'),
('Peru', '3'),
('Philippines', '2'),
('Pitcairn Islands', '1'),
('Poland', '0'),
('Portugal', '1'),
('Puerto Rico', '3'),
('Qatar', '4'),
('Romania', '2'),
('Russia', '0'),
('Rwanda', '0'),
('Reunion', '2'),
('Saint Barthelemy', '2'),
('Saint Helena', '4'),
('Saint Kitts and Nevis', '2'),
('Saint Lucia', '2'),
('Saint Martin', '4'),
('Saint Pierre and Miquelon', '0'),
('Saint Vincent and the Grenadines', '0'),
('Samoa', '4'),
('San Marino', '0'),
('Saudi Arabia', '4'),
('Senegal', '3'),
('Serbia', '3'),
('Serbia and Montenegro', '0'),
('Seychelles', '1'),
('Sierra Leone', '1'),
('Singapore', '1'),
('Slovakia', '3'),
('Slovenia', '2'),
('Solomon Islands', '4'),
('Somalia', '0'),
('South Africa', '4'),
('South Georgia and the South Sandwich Islands', '1'),
('South Korea', '4'),
('Spain', '1'),
('Sri Lanka', '2'),
('Sudan', '4'),
('Suriname', '3'),
('Svalbard and Jan Mayen', '3'),
('Swaziland', '0'),
('Sweden', '0'),
('Switzerland', '3'),
('Syria', '3'),
('Sao Tome and Principe', '4'),
('Taiwan', '1'),
('Tajikistan', '0'),
('Tanzania', '1'),
('Thailand', '0'),
('Timor-Leste', '4'),
('Togo', '4'),
('Tokelau', '0'),
('Tonga', '3'),
('Trinidad and Tobago', '3'),
('Tunisia', '4'),
('Turkey', '2'),
('Turkmenistan', '2'),
('Turks and Caicos Islands', '2'),
('Tuvalu', '0'),
('U.S. Minor Outlying Islands', '0'),
('U.S. Miscellaneous Pacific Islands', '2'),
('U.S. Virgin Islands', '4'),
('Uganda', '1'),
('Ukraine', '2'),
('Union of Soviet Socialist Republics', '3'),
('United Arab Emirates', '0'),
('United Kingdom', '3'),
('United States', '4'),
('Unknown or Invalid Region', '3'),
('Uruguay', '3'),
('Uzbekistan', '4'),
('Vanuatu', '0'),
('Vatican City', '2'),
('Venezuela', '0'),
('Vietnam', '3'),
('Wake Island', '4'),
('Wallis and Futuna', '3'),
('Western Sahara', '4'),
('Yemen', '3'),
('Zambia', '0'),
('Zimbabwe', '2'),
('Aland Islands', '0');

-- --------------------------------------------------------

--
-- Doublure de structure pour la vue `pays_ranking`
-- (Voir ci-dessous la vue réelle)
--
DROP VIEW IF EXISTS `pays_ranking`;
CREATE TABLE IF NOT EXISTS `pays_ranking` (
`nom` varchar(50)
,`niv_danger` decimal(4,0)
);

-- --------------------------------------------------------

--
-- Structure de la table `personne`
--

DROP TABLE IF EXISTS `personne`;
CREATE TABLE IF NOT EXISTS `personne` (
  `nom` varchar(30) NOT NULL,
  `prenom` varchar(30) NOT NULL,
  `age` decimal(4,0) NOT NULL,
  `sexe` varchar(30) NOT NULL,
  `nom_agent` varchar(30) NOT NULL,
  `nom_pays` varchar(50) NOT NULL,
  PRIMARY KEY (`nom`,`prenom`),
  KEY `nom_agent` (`nom_agent`),
  KEY `nom_pays` (`nom_pays`)
) ENGINE=MyISAM DEFAULT CHARSET=latin1;

--
-- Déchargement des données de la table `personne`
--

INSERT INTO `personne` (`nom`, `prenom`, `age`, `sexe`, `nom_agent`, `nom_pays`) VALUES
('Josseaume', 'Saville', '24', 'male', 'MILLIERS', 'Albania'),
('Desilets', 'Theophile', '37', 'male', 'LA-BAS', 'Iraq'),
('Henrichon', 'Olivie', '41', 'female', 'PRERETRAITE', 'France'),
('Achin', 'Chappell', '28', 'male', 'GALURIN', 'France'),
('Chalifour', 'France', '21', 'female', 'ABBAYE', 'France'),
('Leveille', 'Bertrand', '47', 'male', 'FATUITE', 'Saudi Arabia'),
('Goddu', 'Agate', '21', 'female', 'JETTE', 'Uruguay'),
('Guedry', 'Dominique', '33', 'female', 'ANTIPATHIQUE', 'France'),
('Sicard', 'Philippine', '27', 'female', 'SECULIER', 'Tanzania'),
('Voisine', 'Dalmace', '26', 'female', 'CIRCULAIT', 'Austria'),
('Des Meaux', 'Henri', '49', 'male', 'CHIENS', 'France'),
('Paquin', 'Hugues', '23', 'male', 'COMPLEXE', 'France'),
('Gaulin', 'Parnella', '24', 'female', 'BIS', 'France'),
('Bolduc', 'Quennel', '50', 'male', 'ARMES', 'Yemen'),
('Brault', 'Normand', '46', 'male', 'LIRE', 'France'),
('Bertrand', 'Cammile', '45', 'female', 'STEPHANE', 'France'),
('Crete', 'Galatee', '44', 'female', 'EPAVE', 'France'),
('Lemelin', 'Matilda', '49', 'female', 'FONT', 'Christmas Island'),
('Joly', 'Dominique', '40', 'female', 'TIARE', 'Cape Verde'),
('Maheu', 'Florus', '19', 'male', 'PIPE', 'France'),
('Duperre', 'Faye', '51', 'female', 'FORMULEE', 'Marshall Islands'),
('Bois', 'Avent', '48', 'male', 'FAITS DIVERS', 'Guernsey'),
('Bourque', 'Durandana', '44', 'female', 'IMPASSIBLE', 'France'),
('Arsenault', 'Manon', '42', 'female', 'PRENDS', 'British Indian Ocean Territory'),
('Rocheleau', 'Aubin', '36', 'male', 'PILIERS', 'Anguilla'),
('Fouquet', 'Dominique', '32', 'male', 'PAYEE', 'Czech Republic'),
('Lesperance', 'Ansel', '51', 'male', 'SANG VERSE', 'Guinea'),
('Henrichon', 'Normand', '30', 'male', 'ILLUSTRATION', 'Cape Verde'),
('Lajoie', 'Vernon', '48', 'male', 'DISCRIMINE', 'Vietnam'),
('Beaulieu', 'Jewel', '54', 'female', 'NAVIGATION', 'Vatican City'),
('Tetrault', 'Luc', '54', 'male', 'APPROBATION', 'Greece'),
('Marchesseault', 'Xarles', '48', 'male', 'APPORTANT', 'Kiribati'),
('Gauthier', 'Mason', '40', 'male', 'FAUDRA', 'Colombia'),
('Bouvier', 'Marthe', '19', 'female', 'DONNEUR', 'France'),
('Daigle', 'Georgette', '43', 'female', 'SIGLE', 'Armenia'),
('Huard', 'Valerie', '20', 'female', 'SPORE', 'Congo - Kinshasa'),
('Duplanty', 'Grosvenor', '41', 'male', 'KADAR', 'France'),
('Ruais', 'Roland', '54', 'male', 'DEFAILLANCE', 'France'),
('Gendron', 'Belle', '45', 'female', 'SCIENCE', 'Hungary'),
('Boisclair', 'Chappell', '20', 'male', 'LORD', 'France'),
('Renaud', 'Chapin', '37', 'male', 'DORDOGNE', 'Trinidad and Tobago'),
('Aubin', 'Brice', '46', 'female', 'SUFFIRONT', 'France'),
('Batard', 'Fanette', '20', 'female', 'DISTANCES', 'Guinea'),
('Bourdette', 'Claude', '22', 'female', 'MIENS', 'U.S. Virgin Islands'),
('Souplet', 'Beaufort', '53', 'male', 'AMOUR', 'Nigeria'),
('Pichette', 'Delit', '46', 'female', 'NERVOSITE', 'France'),
('Belair', 'Norris', '41', 'male', 'PRIVILEGIER', 'France'),
('Charette', 'Warrane', '27', 'male', 'BAISSE', 'Malawi'),
('Voisine', 'Lance', '42', 'male', 'ELANCE', 'Albania'),
('Vachon', 'Vick', '54', 'male', 'REDIGE', 'France'),
('Cote', 'Astolpho', '20', 'male', 'AZUR', 'Northern Mariana Islands'),
('Marcoux', 'Baptiste', '23', 'female', 'ROUGE-GORGE', 'Turkey'),
('Berard', 'Gay', '40', 'female', 'COMPLEMENTAIRE', 'Ireland'),
('Trottier', 'Corette', '19', 'female', 'ADOPTE', 'U.S. Miscellaneous Pacific Islands'),
('Saucier', 'Bayard', '32', 'male', 'ABONDANTE', 'Eritrea'),
('Lemelin', 'Arthur', '54', 'male', 'TOURNANT', 'Central African Republic'),
('Cote', 'DArcy', '37', 'male', 'INSTITUT', 'Macedonia'),
('Mothe', 'Prewitt', '22', 'male', 'APATHIE', 'Uruguay'),
('Ratte', 'Didiane', '32', 'female', 'HERBORISTE', 'Ecuador'),
('Caouette', 'Albertine', '22', 'female', 'CESAR', 'Canton and Enderbury Islands'),
('Boucher', 'Heloise', '43', 'female', 'CEUX-LA', 'Pakistan'),
('Mercier', 'Charlot', '20', 'male', 'FRAPPANTE', 'France'),
('Leclerc', 'Bruno', '28', 'male', 'CROIENT', 'France'),
('Lalonde', 'Fanette', '44', 'female', 'ROUI', 'Nicaragua'),
('Chabot', 'Huette', '45', 'female', 'DOMICILE', 'Jersey'),
('Bedard', 'Favor', '45', 'female', 'FAMILIALES', 'France'),
('Langlais', 'Coralie', '27', 'female', 'COUVENT', 'France'),
('Marleau', 'Creissant', '23', 'female', 'DONNERONT', 'Lithuania'),
('Dubois', 'Leon', '54', 'male', 'GARANTIE', 'Romania'),
('Gaillou', 'Evrard', '34', 'male', 'BARREAUX', 'Estonia'),
('Guerette', 'Sebastien', '29', 'male', 'GOLF', 'France'),
('DAvis', 'Josette', '20', 'female', 'MEPRISER', 'Dominican Republic'),
('Methot', 'David', '53', 'male', 'SENTIR', 'India'),
('Dagenais', 'Anouk', '19', 'female', 'TRANSMISE', 'France'),
('Gagne', 'Danielle', '43', 'female', 'CATASTROPHE', 'Kenya'),
('Hebert', 'Thomas', '26', 'male', 'PRESIDENTIEL', 'Mauritius'),
('Francoeur', 'Audrey', '20', 'female', 'SORTILEGE', 'Russia'),
('DAubigne', 'Marsilius', '27', 'male', 'SOULIGNE', 'Union of Soviet Socialist Republics'),
('Boucher', 'Odo', '28', 'male', 'ALPINISTE', 'France'),
('Gour', 'Magnolia', '29', 'female', 'RECLAMEE', 'Albania'),
('Laprise', 'Tempeste', '36', 'female', 'ATMOSPHERIQUE', 'Australia'),
('Deserres', 'Arber', '48', 'male', 'DIVERGENTES', 'Azerbaijan'),
('Fecteau', 'Audrey', '43', 'female', 'LEGALEMENT', 'Unknown or Invalid Region'),
('LHeureux', 'Alexandre', '42', 'male', 'HONORABLES', 'Saint Vincent and the Grenadines'),
('Bourgeois', 'Merci', '28', 'female', 'EXQUIS', 'France'),
('Trepanier', 'Odelette', '48', 'female', 'BANNIR', 'France'),
('Chatigny', 'Ancelina', '20', 'female', 'CROCHETEUR', 'Norfolk Island'),
('Laforge', 'Mirabelle', '30', 'female', 'AMIRAUTE', 'Senegal'),
('Piedalue', 'Maurelle', '30', 'female', 'REPERES', 'France'),
('LeBatelier', 'Manville', '44', 'male', 'TECHNIQUEMENT', 'Saint Helena'),
('Beaupre', 'Odette', '54', 'female', 'BUDGETAIRES', 'Singapore'),
('Lagueux', 'Aceline', '38', 'female', 'PARTAGES', 'France'),
('Berard', 'Oliver', '41', 'male', 'PETOCHARDE', 'France'),
('Croteau', 'Telford', '53', 'male', 'AMOINDRIR', 'Liberia'),
('Dostie', 'Mireille', '21', 'female', 'DISTINGUER DE', 'South Georgia and the South Sandwich Islands'),
('Chicoine', 'Gabriel', '29', 'male', 'URINE', 'France'),
('Benjamin', 'Harcourt', '54', 'male', 'ABRICOT', 'Slovenia'),
('Beaudoin', 'Barry', '26', 'male', 'DECOTE', 'France'),
('Varieur', 'Ormazd', '37', 'female', 'DESCENDRE', 'Angola'),
('Marchesseault', 'Trinette', '23', 'female', 'PARALYSE', 'France'),
('Parenteau', 'Evrard', '29', 'male', 'IGNORE', 'Slovenia'),
('Marier', 'Ines', '26', 'female', 'BALTIQUE', 'Laos'),
('Mazuret', 'Cammile', '26', 'female', 'ATTENDAIENT', 'Antarctica'),
('Pepin', 'Germaine', '31', 'female', 'MODE', 'Cuba'),
('Pouchard', 'Merci', '46', 'female', 'DIFFRACTE', 'Greenland'),
('Talon', 'Pinabel', '31', 'male', 'MAJEURE', 'Tokelau'),
('Artois', 'Frederique', '40', 'female', 'GUIBERT', 'Guam'),
('Genereux', 'Melville', '30', 'male', 'CONJONCTION', 'Belize'),
('Belair', 'Renee', '45', 'female', 'DERACINER', 'France'),
('Truchon', 'Marie', '54', 'female', 'FISCALITE', 'France'),
('Nadeau', 'Renee', '47', 'female', 'RASSURE', 'Guatemala'),
('Guay', 'Namo', '51', 'male', 'AS', 'Hungary'),
('Jolicoeur', 'Chapin', '43', 'male', 'MOELLEUX', 'France'),
('Chauvet', 'Percy', '52', 'male', 'HOTELIER', 'Monaco'),
('Trudeau', 'Blanche', '34', 'female', 'MARTINIQUE', 'Bahrain'),
('Brochu', 'Isaac', '44', 'male', 'AUBAINE', 'India'),
('Beaupre', 'Royden', '22', 'male', 'PUBLICITE', 'France'),
('Marchesseault', 'Bruno', '19', 'male', 'DEMOCRATIE', 'Saint Pierre and Miquelon'),
('Camus', 'Dominique', '40', 'male', 'GEORGI', 'Yemen'),
('Mousseau', 'Audrey', '22', 'female', 'BRITANNIQUE', 'Egypt'),
('Clavette', 'Blondelle', '41', 'female', 'AIGREURS', 'France'),
('Guibord', 'Roux', '50', 'female', 'PITIE', 'France'),
('Louineaux', 'Guy', '26', 'male', 'ANCIENNETE', 'France'),
('Labonte', 'Michel', '41', 'male', 'BOUFFEE', 'Niger'),
('Daigle', 'Olivier', '54', 'male', 'BOITES', 'Greenland'),
('Brousseau', 'Leon', '53', 'male', 'TALON', 'Western Sahara'),
('St-Jean', 'William', '41', 'male', 'PROCEDER', 'France'),
('Tachel', 'Armand', '40', 'male', 'CONTINUAIENT', 'France'),
('Gareau', 'Jeanne', '51', 'female', 'DEFORME', 'Johnston Island'),
('Berie', 'Brigliador', '45', 'male', 'VRAIE', 'Sweden'),
('LHeureux', 'Mallory', '28', 'male', 'PRIVATISATION', 'France'),
('Marcheterre', 'Belle', '19', 'female', 'ORIENTALES', 'France'),
('Huppe', 'Emilie', '32', 'female', 'VERSEE', 'Kiribati'),
('Baron', 'Fantina', '33', 'female', 'CELEBRATION', 'Nepal'),
('Voisine', 'Royale', '42', 'female', 'APPESANTIR', 'Hong Kong SAR China'),
('Chaloux', 'Roland', '20', 'male', 'SILLAGE', 'Tunisia'),
('Laprise', 'Vignette', '46', 'female', 'SIMPLIFIER', 'France'),
('Chalut', 'Halette', '51', 'female', 'TYPHON', 'France'),
('Clement', 'Raison', '45', 'female', 'INVENTION', 'British Virgin Islands'),
('Boncoeur', 'Marguerite', '28', 'female', 'PROSPERITE', 'Brunei'),
('Vaillancourt', 'Aubrey', '31', 'female', 'POLEMIQUES', 'France'),
('Michel', 'Saber', '41', 'male', 'ECLUSER', 'North Vietnam'),
('Plouffe', 'Nicolas', '24', 'male', 'CANETTI', 'Lesotho'),
('Therrien', 'Vachel', '26', 'male', 'ELUDER', 'Saint Pierre and Miquelon'),
('Lapresse', 'Raison', '50', 'female', 'RECONSTRUCTEURS', 'Dominican Republic'),
('Austin', 'Azura', '22', 'female', 'EXCESSIVEMENT', 'Antarctica'),
('Martin', 'Turner', '44', 'male', 'FERVEUR', 'Vanuatu'),
('Chicoine', 'Thierry', '27', 'male', 'SCELERAT', 'Saint Helena'),
('Bourdette', 'Delit', '47', 'female', 'FRAGILES', 'Liberia'),
('Doucet', 'Patrick', '48', 'male', 'POINDRE', 'Sao Tome and Principe'),
('Gamelin', 'Gaspar', '46', 'male', 'DEFENDUE', 'French Southern Territories'),
('Bisson', 'Daniel', '21', 'male', 'DECONTRACTER', 'Bouvet Island'),
('Viens', 'Marveille', '50', 'female', 'REVE', 'Bosnia and Herzegovina'),
('Leroy', 'Arlette', '46', 'female', 'AFFIRMATION', 'Latvia'),
('Artois', 'Telford', '44', 'male', 'ISSUE', 'France'),
('Corbeil', 'Thierry', '24', 'male', 'PARTITIONS', 'Christmas Island'),
('Couet', 'Belle', '52', 'female', 'SOUSSIGNE', 'Aland Islands'),
('Lamontagne', 'Auriville', '39', 'male', 'EXALTER', 'France'),
('Baron', 'Ninette', '36', 'female', 'ELABORE', 'Hungary'),
('Chevrette', 'Brie', '54', 'female', 'PROGRESSISTE', 'Iran'),
('Rene', 'Christiane', '44', 'female', 'BALISTIQUE', 'Cocos Islands'),
('Lecuyer', 'Verney', '32', 'male', 'PORTE', 'France'),
('Blanchard', 'Huon', '40', 'male', 'TIGRE', 'Panama Canal Zone'),
('Rocher', 'Pryor', '26', 'male', 'SURHUMAIN', 'France'),
('Lamontagne', 'Eustache', '40', 'male', 'RICANER', 'Tonga'),
('Jobin', 'Oriel', '35', 'female', 'PALESTINIENS', 'San Marino'),
('Barjavel', 'Aleron', '31', 'male', 'PIMENT', 'Costa Rica'),
('Lecuyer', 'Jeoffroi', '51', 'male', 'DEMENTIEL', 'Mayotte'),
('Chnadonnet', 'Searlait', '34', 'female', 'CRIMES', 'Papua New Guinea'),
('Masse', 'Verney', '36', 'male', 'ATTRIBUTIONS', 'Unknown or Invalid Region'),
('Cantin', 'Ancelote', '37', 'female', 'SORTENT', 'France'),
('Marois', 'Leal', '41', 'male', 'MOMENTANEMENT', 'Norway'),
('Jardine', 'Donatien', '51', 'male', 'SURENCHERES', 'Denmark'),
('Laforest', 'Millard', '19', 'male', 'CARACTERISER', 'Eritrea'),
('Quirion', 'Paul', '54', 'male', 'ASSONANCE', 'Latvia'),
('Soucy', 'Olivier', '50', 'male', 'REGLE', 'France'),
('LAnglais', 'Patrice', '41', 'female', 'PROPRIETES', 'Mozambique'),
('Therriault', 'Heloise', '50', 'female', 'CHANSONS', 'Palestinian Territories'),
('Cotuand', 'Oliver', '36', 'male', 'GOULET', 'Jamaica'),
('Dumont', 'Harcourt', '24', 'male', 'LEVE', 'Dominican Republic'),
('Langlais', 'Curtis', '26', 'male', 'RESSENTIR', 'Singapore'),
('Aupry', 'Rosamonde', '37', 'female', 'CONDAMNATION', 'Serbia'),
('Boulanger', 'Maryse', '50', 'female', 'PRODIGIEUX', 'France'),
('David', 'Bertrand', '51', 'male', 'GENERATEUR', 'Bahamas'),
('Gadbois', 'Fanette', '36', 'female', 'PRESENTE', 'Antarctica'),
('Potvin', 'Lyle', '40', 'male', 'POUVAIENT', 'Bahamas'),
('Blais', 'Logistilla', '47', 'female', 'FOU RIRE', 'Yemen'),
('Picard', 'Leverett', '33', 'male', 'ABSTRAITE', 'France'),
('Dumoulin', 'Delphine', '33', 'female', 'DECACHETE', 'Antigua and Barbuda'),
('Mainville', 'Jules', '33', 'male', 'LIMITE', 'Myanmar'),
('Tessier', 'Bruce', '25', 'male', 'SENAT', 'Botswana'),
('Simon', 'Roslyn', '19', 'male', 'REPRISE', 'Burundi'),
('Laramee', 'Viollette', '49', 'female', 'RAJIDE', 'France'),
('Jolicoeur', 'Amarante', '34', 'female', 'TELEVISES', 'Turkey'),
('Du Trieux', 'Burnell', '40', 'male', 'INFLEXIBLE', 'Uzbekistan'),
('Beausoleil', 'Ferragus', '29', 'male', 'PERTURBATION', 'Timor-Leste'),
('Marquis', 'Moore', '25', 'male', 'DEGAUCHISSEUSE', 'French Polynesia'),
('Clanchard', 'Vachel', '34', 'male', 'GRILLES', 'France'),
('Pirouet', 'Orane', '45', 'female', 'OPPOSE', 'France'),
('Audet', 'Oriel', '46', 'female', 'FORMULAIRE', 'Dominican Republic'),
('Verreau', 'Francis', '27', 'male', 'SITUER', 'France'),
('Plante', 'Laverne', '49', 'female', 'INSISTER', 'United Kingdom'),
('Chauvin', 'Rive', '53', 'female', 'DESIRE', 'Mauritius'),
('Flanchard', 'Huon', '51', 'male', 'EMOTION', 'Egypt'),
('Cantin', 'Charlotte', '23', 'female', 'PROFONDES', 'Mayotte'),
('Collin', 'Emmanuelle', '39', 'female', 'LIBERTE', 'France'),
('Givry', 'Travers', '54', 'male', 'ROUES', 'Poland'),
('Dufresne', 'Brigitte', '19', 'female', 'POINCON', 'Peoples Democratic Republic of Yemen'),
('Ferland', 'Carine', '20', 'female', 'DOUBLEE', 'Kiribati'),
('Riquier', 'Clothilde', '19', 'female', 'REFUSAIT', 'Uzbekistan'),
('Busque', 'Joseph', '30', 'male', 'INFRACTIONS', 'North Vietnam'),
('Brunelle', 'Amarante', '51', 'female', 'AVION', 'France'),
('Routhier', 'Odette', '42', 'female', 'FREUD', 'Mauritius'),
('DAubigne', 'Emilie', '52', 'female', 'BALLERINE', 'France'),
('Lecuyer', 'Ansel', '25', 'male', 'DETRESSE', 'Micronesia'),
('Lemelin', 'Marcelle', '19', 'female', 'LANGUE', 'Guyana'),
('Duplessis', 'Zurie', '25', 'female', 'TORTURER', 'Bosnia and Herzegovina'),
('Compagnon', 'Florus', '52', 'male', 'DERIVES', 'Sierra Leone'),
('Tisserand', 'Prewitt', '20', 'male', 'MAGISTRAT', 'France'),
('Douffet', 'Romaine', '22', 'female', 'DEPASSENT', 'France'),
('Brousseau', 'Armina', '31', 'female', 'DAIMLER', 'France'),
('Casgrain', 'Delmar', '38', 'male', 'GESIR', 'China'),
('Auberjonois', 'Clemence', '44', 'female', 'CHANTAL', 'Wallis and Futuna'),
('Paimboeuf', 'Noelle', '51', 'female', 'CHEQUE', 'France'),
('Lang', 'Pansy', '32', 'female', 'ADOPTANT', 'France'),
('Noel', 'Barry', '23', 'male', 'FRANCOPHONE', 'Andorra'),
('Rocheleau', 'Brice', '50', 'female', 'PATRE', 'Macedonia'),
('Gladu', 'Paul', '47', 'male', 'PERTURBATIONS', 'Johnston Island'),
('Lamare', 'Anton', '34', 'male', 'FAUX JETON', 'France'),
('Audet', 'Beaufort', '46', 'male', 'HUTTE', 'Russia'),
('Sicard', 'Norris', '31', 'male', 'PAS', 'U.S. Minor Outlying Islands'),
('Sylvain', 'Neville', '52', 'male', 'RESTERONT', 'Swaziland'),
('Saurel', 'Karel', '33', 'male', 'POSSESSION', 'Kenya'),
('St-Jean', 'Andre', '41', 'male', 'ACCENTUE', 'France'),
('Bourque', 'Ignace', '26', 'male', 'ACCORDEES', 'Canton and Enderbury Islands'),
('Bois', 'Lorraine', '44', 'female', 'ALLIANCE', 'Suriname'),
('Brisebois', 'Romain', '52', 'male', 'PROFITEROLES', 'Bhutan'),
('Dodier', 'Thierry', '39', 'male', 'NUE', 'Montenegro'),
('Pitre', 'Roux', '50', 'female', 'AMBULANCE', 'Luxembourg'),
('DeGrasse', 'Bertrand', '52', 'male', 'NINA', 'France'),
('Miron', 'Helene', '22', 'female', 'MASQUE', 'Turks and Caicos Islands'),
('Barteaux', 'Rosemarie', '38', 'female', 'COMMEMORATION', 'France'),
('Racine', 'Paige', '51', 'female', 'NAVETTE', 'Aruba'),
('Cartier', 'Parnella', '27', 'female', 'AUTOMATISATION', 'Tuvalu'),
('Auger', 'Armina', '42', 'female', 'ARTICLES', 'Guadeloupe'),
('Routhier', 'Emmeline', '32', 'female', 'GAGNENT', 'U.S. Virgin Islands'),
('Faure', 'Raina', '41', 'female', 'FUIENT', 'France'),
('Berthelette', 'Maureen', '51', 'female', 'BONNET', 'Haiti'),
('Rheaume', 'Ansel', '40', 'male', 'OBSCENITE', 'Canton and Enderbury Islands'),
('Fongemie', 'Maurelle', '52', 'female', 'RECHANGE', 'France'),
('Givry', 'Yolette', '44', 'female', 'PERSUADES', 'United Kingdom'),
('Chaussee', 'Ferragus', '33', 'male', 'ININTERROMPU', 'Paraguay'),
('Clavet', 'Arno', '27', 'male', 'OPERATION', 'Northern Mariana Islands'),
('Theriault', 'Eulalie', '25', 'female', 'GRAMOPHONE', 'Aland Islands'),
('Cotuand', 'Marshall', '42', 'male', 'PASSE-PARTOUT', 'France'),
('Lapointe', 'Legget', '28', 'male', 'CONJUGAISON', 'Japan'),
('Lagueux', 'Audrey', '25', 'female', 'TICKET', 'France'),
('DAubigne', 'Charles', '19', 'male', 'INSULAIRE', 'Syria'),
('Giroux', 'Melodie', '40', 'female', 'DATER', 'France'),
('Benoit', 'Genevieve', '48', 'female', 'SOUHAITENT', 'France'),
('St-Jacques', 'Christelle', '47', 'female', 'STANDARDISE', 'Reunion'),
('Dube', 'Gifford', '30', 'male', 'FEUTRE', 'France'),
('Bousquet', 'Mercer', '24', 'male', 'APOSTROPHE', 'Anguilla'),
('Pelletier', 'Telford', '24', 'male', 'POUPONNIERE', 'Trinidad and Tobago'),
('Levesque', 'Christine', '53', 'female', 'LUSAKA', 'Cambodia'),
('Sirois', 'Catherine', '51', 'female', 'AMENAGEE', 'Saint Barthelemy'),
('Lafreniere', 'Didier', '42', 'male', 'VOISINS', 'France'),
('Marier', 'Paulette', '54', 'female', 'DESSINATEUR', 'France'),
('Boucher', 'Orson', '20', 'male', 'GOUT', 'Algeria'),
('Chretien', 'Peverell', '28', 'male', 'DIVISE', 'Burundi'),
('Beriault', 'Jessamine', '40', 'female', 'INHUMANITE', 'France'),
('Royer', 'Vick', '54', 'male', 'DEMOGRAPHIQUES', 'France'),
('Meunier', 'Malagigi', '32', 'male', 'CONFIDENCE', 'Brunei'),
('Abril', 'Adelaide', '20', 'female', 'REPOUSSANT', 'Dronning Maud Land'),
('Pitre', 'Cerise', '19', 'female', 'GLORIEUX', 'Lithuania'),
('Lereau', 'Jacques', '21', 'male', 'CLASSES', 'Malaysia'),
('Archambault', 'Jeoffroi', '34', 'male', 'CIBLA', 'Bulgaria'),
('Melanson', 'Auguste', '49', 'male', 'CHATAIGNIER', 'Sierra Leone'),
('Rochefort', 'Loring', '41', 'male', 'EFFICACES', 'Belarus'),
('Gadbois', 'Bevis', '48', 'male', 'CONTRAINTE', 'France'),
('Nadeau', 'Namo', '53', 'male', 'BOB', 'Armenia'),
('Lessard', 'Xarles', '21', 'male', 'POUFFIASSE', 'France'),
('Artois', 'Orville', '34', 'male', 'PROTESTE', 'San Marino'),
('Tougas', 'Lucas', '34', 'male', 'CHALOUPE', 'France'),
('Carignan', 'Aurore', '41', 'female', 'UF', 'Dominica'),
('Lagrange', 'Gay', '51', 'female', 'IBERT', 'Austria'),
('Lanctot', 'Jeanne', '42', 'female', 'TELEVISEE', 'France'),
('Chasse', 'Soren', '22', 'male', 'COMPORTAIT', 'Eritrea'),
('Dionne', 'Mercer', '47', 'male', 'MALEDICTION', 'Palau'),
('Ayot', 'Mayhew', '30', 'male', 'PAPERASSIER', 'France'),
('Savoie', 'Charlotte', '47', 'female', 'VERDICT', 'France'),
('Boulanger', 'Ambra', '19', 'female', 'PLANETE', 'Taiwan'),
('Bureau', 'Vedette', '20', 'female', 'WAGON', 'France'),
('Dennis', 'Aubrette', '37', 'female', 'YARD', 'France'),
('DAvis', 'Noemi', '41', 'female', 'LIMINAIRE', 'Faroe Islands'),
('Chretien', 'Afrodille', '30', 'female', 'TEL', 'France'),
('Parmentier', 'Eugenia', '22', 'female', 'STALINISME', 'Romania'),
('Lapierre', 'Berangaria', '24', 'female', 'RECONNAISSENT', 'France'),
('Nadeau', 'Nicole', '39', 'female', 'SECRETE', 'United Arab Emirates'),
('De La Vergne', 'Armina', '25', 'female', 'EPARGNER', 'Cook Islands'),
('Lagueux', 'Nadine', '28', 'female', 'MARMITE', 'Niue'),
('Lemaitre', 'Gustave', '21', 'male', 'COMPARAISONS', 'Montserrat'),
('Laprise', 'Aurelie', '36', 'female', 'SEQUENCE', 'Georgia'),
('Charlebois', 'Julien', '20', 'male', 'POSTALES', 'France'),
('Richer', 'Julienne', '43', 'female', 'INTERDITES', 'Bangladesh'),
('Margand', 'Xavierre', '28', 'female', 'TERMINE', 'Anguilla'),
('Corbeil', 'Porter', '28', 'male', 'ACACIA', 'United States'),
('Giroux', 'Astrid', '27', 'female', 'INSCRITS', 'France'),
('Brunault', 'Josephine', '31', 'female', 'ANGERS', 'France'),
('de Launay', 'Amaury', '44', 'male', 'REFLETE', 'France'),
('Rouze', 'Yvon', '50', 'male', 'COMPETITEUR', 'Bolivia'),
('DAubigne', 'Tanguy', '34', 'male', 'AVIATEUR', 'France'),
('Pellerin', 'Laurent', '50', 'male', 'JOUAIENT', 'Algeria'),
('Cantin', 'France', '38', 'female', 'MICHELIN', 'Peoples Democratic Republic of Yemen'),
('Lafontaine', 'Edith', '28', 'female', 'MANIE', 'Saint Kitts and Nevis'),
('Givry', 'Ernest', '54', 'male', 'PAPILLON', 'Uzbekistan'),
('Souplet', 'Gay', '52', 'female', 'THAILANDE', 'Chad'),
('Hughes', 'Minette', '25', 'female', 'SOFIA', 'Panama Canal Zone'),
('Bourdette', 'Suzette', '22', 'female', 'JOIE', 'Jamaica'),
('Daviau', 'Roger', '54', 'male', 'TOUS', 'Antarctica'),
('Lussier', 'Lirienne', '33', 'female', 'SANITAIRES', 'Morocco'),
('Grondin', 'Ruby', '46', 'female', 'SPECIFIQUE', 'Grenada'),
('Rancourt', 'Xavier', '38', 'male', 'TAQUINERIE', 'Burundi'),
('Galarneau', 'Josette', '43', 'female', 'ADMIRABLE', 'France'),
('Bonenfant', 'Etoile', '52', 'female', 'BASCULE', 'Venezuela'),
('Vernadeau', 'Ines', '25', 'female', 'PRUNIER', 'British Virgin Islands'),
('Busque', 'Laure', '31', 'female', 'EDIFIER', 'Haiti'),
('Deniger', 'Fabrice', '33', 'male', 'POTENTIELLEMENT', 'Poland'),
('Bonsaint', 'Elodie', '28', 'female', 'MULES', 'Union of Soviet Socialist Republics'),
('Lacharite', 'Jules', '20', 'male', 'INCONTESTABLE', 'Algeria'),
('Chicoine', 'Bevis', '48', 'male', 'BRIGADES', 'Italy'),
('Sevier', 'Aubin', '38', 'male', 'FLUIDITE', 'Bermuda'),
('Des Meaux', 'Sumner', '54', 'male', 'GROSSISTE', 'Metropolitan France'),
('DAvis', 'Corinne', '52', 'female', 'INCLURE', 'France'),
('Caya', 'Fifi', '39', 'female', 'LONGUE-VUE', 'Guernsey'),
('Lambert', 'Fayme', '34', 'female', 'ENTRETENUS', 'Grenada'),
('Patry', 'Valiant', '43', 'male', 'VOLUMES', 'France'),
('Begin', 'Maslin', '35', 'male', 'AZERBAIDJANAISE', 'Hong Kong SAR China'),
('Charpie', 'Aurore', '47', 'female', 'ARE', 'Syria'),
('Grignon', 'Garland', '24', 'female', 'RATION', 'Guernsey'),
('Audibert', 'Xarles', '20', 'male', 'DEPIT DE', 'Azerbaijan'),
('Desjardins', 'Davet', '54', 'male', 'VEREUX', 'Norfolk Island'),
('Parizeau', 'Leverett', '20', 'male', 'ACCOMPAGNANT', 'Ireland'),
('Abril', 'Clarice', '44', 'female', 'TORTIONNAIRE', 'Togo'),
('Bosse', 'Elita', '47', 'female', 'INFICHU', 'Indonesia'),
('Plourde', 'Karlotta', '33', 'female', 'VISITE', 'Turkey'),
('Du Trieux', 'Florismart', '41', 'male', 'DISETTE', 'France'),
('Jalbert', 'Granville', '24', 'male', 'CONDUCTEUR', 'Belgium'),
('Dodier', 'Henri', '47', 'male', 'NONCHALANCE', 'France'),
('Benjamin', 'Timothee', '53', 'male', 'VOYAIT', 'Turkey'),
('Labrie', 'Geoffrey', '52', 'male', 'BREFS', 'Lebanon'),
('Lachance', 'Viollette', '45', 'female', 'ECONOMIQUEMENT', 'Portugal'),
('Bizier', 'Calandre', '48', 'female', 'TRANCHER', 'Austria'),
('Boutot', 'Latimer', '40', 'male', 'BLUTOIR', 'France'),
('Hebert', 'Sebastien', '21', 'male', 'VEILLE', 'Faroe Islands'),
('Busson', 'Trinette', '35', 'female', 'POUSSE', 'France'),
('Gaudreau', 'Satordi', '40', 'male', 'AMICAL', 'France'),
('Rivard', 'Gilbert', '34', 'male', 'SA VIE', 'Bahamas'),
('Batard', 'Aleron', '24', 'male', 'TENTER', 'Germany'),
('Durepos', 'Albracca', '34', 'female', 'TOUCHEES', 'Bosnia and Herzegovina'),
('Seguin', 'Lotye', '52', 'female', 'RETORQUER', 'France'),
('Dupont', 'Marie', '53', 'female', 'CINEMATOGRAPHIQUE', 'Belarus'),
('Cloutier', 'Minette', '38', 'female', 'DISSEMINER', 'Grenada'),
('Daviau', 'Anne', '44', 'female', 'LANCER', 'France'),
('Bergeron', 'Bertrand', '20', 'male', 'RIVALISER', 'France'),
('Patry', 'Hamilton', '29', 'male', 'GEMIR', 'Greenland'),
('Pepin', 'Leverett', '33', 'male', 'TROMPES', 'Canada'),
('Lapresse', 'Fortun', '34', 'male', 'OPERES', 'Colombia'),
('Guedry', 'Angelette', '50', 'female', 'PUZZLE', 'Mexico'),
('Cormier', 'Montague', '32', 'male', 'PLAQUES', 'Australia'),
('Lebel', 'Eustache', '22', 'male', 'ALTERER', 'Somalia'),
('Bisaillon', 'Cecile', '36', 'female', 'ZELANDE', 'New Caledonia'),
('Duhamel', 'Hedvige', '23', 'female', 'CASCADE', 'France'),
('Leroux', 'Guy', '34', 'male', 'CLOCHETTE', 'Bhutan'),
('Gervais', 'France', '19', 'female', 'RECOLTES', 'Saint Martin'),
('Therrien', 'Eleonore', '31', 'female', 'GARNIER', 'France'),
('Souplet', 'Remy', '31', 'male', 'AUSTRAL', 'Bahrain'),
('Ayot', 'Eleanor', '42', 'female', 'BENEFICE NET', 'Slovakia'),
('Parmentier', 'Annot', '46', 'female', 'FOUDROYANT', 'Somalia'),
('Jodion', 'Aiglentina', '41', 'female', 'PORTUGAL', 'French Southern Territories'),
('Riviere', 'Daniel', '26', 'male', 'PARMI', 'Micronesia'),
('Girard', 'Sebastien', '52', 'male', 'SURSAUT', 'Liechtenstein'),
('Martin', 'Clovis', '39', 'male', 'PREOCCUPE', 'France'),
('Desruisseaux', 'Normand', '24', 'male', 'SOUBRETTE', 'San Marino'),
('Lesage', 'Gabriel', '46', 'male', 'COTATIONS', 'British Indian Ocean Territory'),
('Bordeaux', 'Clementine', '36', 'female', 'PROGRAMMEES', 'Dominica'),
('Quenneville', 'Ophelia', '21', 'female', 'BARBELES', 'Norfolk Island'),
('Beaulac', 'Percy', '31', 'male', 'ESTIMAIENT', 'Guyana'),
('Berger', 'Laurette', '41', 'female', 'CHARLES', 'Sri Lanka'),
('Hebert', 'Lotye', '48', 'female', 'AIMERAIT', 'Saint Kitts and Nevis'),
('Labossiere', 'Astrid', '21', 'female', 'IDENTIQUE', 'Ireland'),
('Ayot', 'Charmaine', '27', 'female', 'GLOBE', 'Congo - Brazzaville'),
('Laisne', 'Jeoffroi', '35', 'male', 'SOLLICITES', 'France'),
('Lefebvre', 'Gabriel', '23', 'male', 'CONSERVEE', 'Mongolia'),
('Despins', 'Laurene', '37', 'female', 'SOUDAN', 'Kiribati'),
('Bilodeau', 'Delit', '32', 'female', 'REVEUR', 'Cote dIvoire'),
('Beauchemin', 'Marmion', '42', 'male', 'DEUX', 'Monaco'),
('Giroux', 'Merle', '28', 'male', 'HERACLITE', 'Cameroon'),
('Lamontagne', 'Ernest', '39', 'male', 'LOGICIEL', 'Saint Martin'),
('Dumont', 'Channing', '23', 'male', 'MANDARINIER', 'France'),
('Cartier', 'Parfait', '40', 'male', 'SUBMERSIBLE', 'France'),
('Perrault', 'Esperanza', '38', 'female', 'BUREAUCRATES', 'Montenegro'),
('Lebel', 'Trinette', '47', 'female', 'TROUVAIENT', 'British Antarctic Territory'),
('Berard', 'Anouk', '36', 'female', 'PROMULGUER', 'Philippines'),
('Arsenault', 'Ferragus', '27', 'male', 'EFFACE', 'Chad'),
('Dupuis', 'Sabine', '19', 'female', 'BIOLOGIQUE', 'France'),
('Gagnon', 'Manon', '42', 'female', 'PROUVER', 'Myanmar'),
('Deschenes', 'Chantal', '46', 'female', 'LUBRICITE', 'Madagascar'),
('Vachon', 'Isabelle', '34', 'female', 'POULS', 'Kyrgyzstan'),
('Courcelle', 'Telford', '40', 'male', 'EXPLORATEUR', 'Indonesia'),
('Flamand', 'Bevis', '34', 'male', 'DESIREUX', 'Tuvalu'),
('LaCaille', 'Burkett', '43', 'male', 'CESSE', 'Albania'),
('Menard', 'Alfred', '20', 'male', 'REGROUPER', 'France'),
('Guimond', 'Granville', '51', 'male', 'BASES', 'Guatemala'),
('Drouin', 'Fauna', '44', 'female', 'GRATUITE', 'Hungary'),
('Pepin', 'William', '46', 'male', 'CORRELATIF', 'Bahrain'),
('Bonenfant', 'Timothee', '54', 'male', 'DEVASTE', 'Nepal'),
('Beriault', 'Marine', '28', 'female', 'CRISTAL', 'Panama'),
('Brochu', 'Thiery', '34', 'male', 'COUCHE-CULOTTE', 'Anguilla'),
('Bonsaint', 'Bartlett', '43', 'male', 'RIVIERE', 'France'),
('Bizier', 'Moore', '26', 'male', 'MONTAGNARD', 'France'),
('Chatigny', 'Julienne', '47', 'female', 'SUPERLATIF', 'Bolivia'),
('Morin', 'Xavierre', '54', 'female', 'ROSE', 'France'),
('Labelle', 'DArcy', '37', 'male', 'SOUPLESSE', 'Wallis and Futuna'),
('Latourelle', 'Percy', '21', 'male', 'DIFFORMITE', 'Aland Islands'),
('Dodier', 'Anouk', '25', 'female', 'PLATON', 'Latvia'),
('Gagnon', 'Sabine', '36', 'female', 'CRISPER', 'Cook Islands'),
('Sarrazin', 'Joseph', '51', 'male', 'DILUE', 'Neutral Zone'),
('Lebrun', 'Avenall', '19', 'male', 'ESSIEU', 'Italy'),
('St-Jean', 'Leone', '36', 'female', 'PINCEE', 'France'),
('Bienvenue', 'Sophie', '41', 'female', 'MANIFESTEE', 'Micronesia'),
('Desnoyer', 'Tristan', '34', 'male', 'APPLICATION', 'France'),
('Moise', 'Moore', '53', 'male', 'GERMER', 'British Indian Ocean Territory'),
('Charron', 'Didiane', '23', 'female', 'DIALECTES', 'France'),
('Querry', 'Sydney', '45', 'female', 'GOUFFRE', 'Russia'),
('Lepicier', 'Amedee', '30', 'female', 'ALLECHER', 'Oman'),
('Du Trieux', 'Byron', '32', 'male', 'INTERVALLES', 'France'),
('Faure', 'Victor', '41', 'male', 'DISCRIMINATION', 'Turks and Caicos Islands'),
('Aube', 'Avril', '49', 'female', 'STRESS', 'France'),
('Chaloux', 'Alita', '32', 'female', 'TRANSPIRANT', 'Pacific Islands Trust Territory'),
('Girard', 'Henry', '46', 'male', 'DESSINER', 'France'),
('Soucy', 'Normand', '37', 'male', 'TROUBLE', 'France'),
('Charron', 'Chapin', '19', 'male', 'MENACEE', 'South Georgia and the South Sandwich Islands'),
('Bergeron', 'Georgette', '34', 'female', 'TRANSPOSITION', 'Liechtenstein'),
('Pinette', 'Benoit', '40', 'male', 'REFORMATEUR', 'France'),
('Desforges', 'Ignace', '44', 'male', 'NECESSITENT', 'Svalbard and Jan Mayen'),
('Dupuis', 'Clothilde', '53', 'female', 'CHALAND', 'Sri Lanka'),
('Covillon', 'Madelene', '48', 'female', 'MAUDIT', 'France'),
('Labrosse', 'Catherine', '42', 'female', 'OBSTETRIQUE', 'Pacific Islands Trust Territory'),
('Louineaux', 'Fusberta', '27', 'female', 'BERKELEY', 'Peru'),
('Alexandre', 'Ormazd', '53', 'female', 'BOSSE', 'Svalbard and Jan Mayen'),
('Beaupre', 'Davet', '43', 'male', 'MAUDIRE', 'Algeria'),
('Rochefort', 'Calandre', '35', 'female', 'ASSIMILE', 'Nigeria'),
('Laramee', 'Seymour', '52', 'male', 'ALLEGRO', 'Iceland'),
('Barriere', 'Mandel', '41', 'male', 'HABITUDE', 'Azerbaijan'),
('Riquier', 'Nicolette', '21', 'female', 'REFERENCES', 'Austria'),
('Saucier', 'Jeanette', '51', 'female', 'MILAN', 'Bosnia and Herzegovina'),
('Baril', 'Lothair', '23', 'male', 'AMERICANISER', 'Cyprus'),
('Lizotte', 'Burnell', '36', 'male', 'RECONCILIER', 'Saint Lucia'),
('Pare', 'Marveille', '41', 'female', 'DECERNE', 'Ethiopia'),
('Viens', 'Lance', '38', 'male', 'BATTANTS', 'Guam'),
('Gousse', 'Sophie', '19', 'female', 'TROYES', 'France'),
('Courtois', 'France', '19', 'female', 'ALLEE', 'Norfolk Island'),
('Proulx', 'Roux', '40', 'female', 'AUQUEL', 'Gambia'),
('Simon', 'Felicien', '41', 'male', 'BUTIN', 'China'),
('Pare', 'Florus', '26', 'male', 'SITUEE', 'Bouvet Island'),
('Garcia', 'Sydney', '28', 'female', 'EN-TETE', 'Dronning Maud Land'),
('Leroux', 'Luce', '48', 'female', 'RILA', 'Ireland'),
('Dupuy', 'Capucine', '29', 'female', 'VIOLENTES', 'Western Sahara'),
('Lepage', 'Fifine', '33', 'female', 'FACILITE', 'Cambodia'),
('Berard', 'Harriette', '23', 'female', 'EMMERDEUSE', 'Lesotho'),
('Mireault', 'Victorine', '27', 'female', 'THEATRE', 'Netherlands Antilles'),
('Riviere', 'Cerise', '42', 'female', 'SOULEVER', 'France'),
('Croquetaigne', 'Jolie', '26', 'female', 'CASSE', 'Panama'),
('Truchon', 'Dorothee', '33', 'female', 'IMPULSION', 'Central African Republic'),
('Belanger', 'Thierry', '23', 'male', 'PACTOLE', 'France'),
('Trottier', 'Marthe', '50', 'female', 'PRENDRE', 'Saint Vincent and the Grenadines'),
('Aube', 'Beaufort', '39', 'male', 'FILOUTER', 'France'),
('Poirier', 'Belda', '34', 'female', 'SOUFFRENT', 'Rwanda'),
('Pouchard', 'Tyson', '20', 'male', 'REGNE', 'France'),
('Rivard', 'Julien', '47', 'male', 'CONNAISSAIT', 'France'),
('Artois', 'Cinderella', '39', 'female', 'MENTIR', 'Pakistan'),
('Courcelle', 'Bruno', '42', 'male', 'MORAUX', 'Cayman Islands'),
('Gadbois', 'William', '43', 'male', 'PARFUMER', 'France'),
('Morneau', 'Fifine', '45', 'female', 'DIRIGEE', 'Kuwait'),
('Brisette', 'Harbin', '26', 'male', 'DOUBLEMENT', 'Cyprus'),
('Sciverit', 'Gaspar', '21', 'male', 'ATTENTIF', 'Palau'),
('Lapointe', 'Amitee', '50', 'female', 'BLASPHEMER', 'Saint Vincent and the Grenadines'),
('Benoit', 'Nicolette', '50', 'female', 'GRAINS', 'Syria'),
('Turcotte', 'Ila', '35', 'female', 'AXIOME', 'Vietnam'),
('Grivois', 'Emmanuel', '26', 'male', 'NETTOIEMENT', 'Trinidad and Tobago'),
('Quenneville', 'Agathe', '37', 'female', 'DIPLOMATIQUES', 'Comoros'),
('Clavette', 'Olympia', '40', 'female', 'VINT', 'France'),
('Lariviere', 'Marlon', '41', 'male', 'VENTER', 'Lesotho'),
('Austin', 'Jean', '29', 'male', 'PIONNIERE', 'France'),
('Charpie', 'Hedvige', '21', 'female', 'DEVOILER', 'Vatican City'),
('LaGarde', 'Yves', '54', 'male', 'SUGGESTIONS', 'France'),
('DUPONT', 'Albin', '37', 'male', 'CAFE', 'France'),
('GUI', 'Emma', '23', 'female', 'SCOTCH', 'URUGUAY'),
('Kylo', 'Ren', '19', 'male', 'TERRIBLE', 'Albania');

-- --------------------------------------------------------

--
-- Structure de la table `service`
--

DROP TABLE IF EXISTS `service`;
CREATE TABLE IF NOT EXISTS `service` (
  `code_service` int(8) NOT NULL,
  `specialite` varchar(30) NOT NULL,
  `directeur` varchar(30) NOT NULL,
  PRIMARY KEY (`code_service`),
  KEY `directeur` (`directeur`)
) ENGINE=MyISAM DEFAULT CHARSET=latin1;

--
-- Déchargement des données de la table `service`
--

INSERT INTO `service` (`code_service`, `specialite`, `directeur`) VALUES
(86883657, 'Informatique', 'LA-BAS'),
(44609807, 'Defense', 'JETTE'),
(91345364, 'Elimination', 'LIRE'),
(22195465, 'Enquete', 'EPAVE'),
(78334802, 'Enquete interne', 'SECULIER'),
(6350262, 'Action', 'PRERETRAITE'),
(1738411, 'Assistance', 'MILLIERS'),
(17410830, 'Contre-espionnage', 'GALURIN');

-- --------------------------------------------------------

--
-- Structure de la table `travail`
--

DROP TABLE IF EXISTS `travail`;
CREATE TABLE IF NOT EXISTS `travail` (
  `nom_de_code` varchar(30) NOT NULL,
  `nom_service` int(8) NOT NULL,
  PRIMARY KEY (`nom_de_code`,`nom_service`),
  KEY `nom_service` (`nom_service`)
) ENGINE=MyISAM DEFAULT CHARSET=latin1;

--
-- Déchargement des données de la table `travail`
--

INSERT INTO `travail` (`nom_de_code`, `nom_service`) VALUES
('ABBAYE', 17410830),
('ABONDANTE', 91345364),
('ABRICOT', 17410830),
('ABSTRAITE', 91345364),
('ACACIA', 86883657),
('ACCENTUE', 86883657),
('ACCOMPAGNANT', 1738411),
('ACCORDEES', 17410830),
('ADMIRABLE', 17410830),
('ADOPTANT', 91345364),
('ADOPTE', 22195465),
('AFFIRMATION', 86883657),
('AIGREURS', 44609807),
('AIMERAIT', 86883657),
('ALLECHER', 22195465),
('ALLEE', 22195465),
('ALLEGRO', 86883657),
('ALLIANCE', 6350262),
('ALPINISTE', 86883657),
('ALTERER', 1738411),
('AMBULANCE', 44609807),
('AMENAGEE', 1738411),
('AMERICANISER', 6350262),
('AMICAL', 22195465),
('AMIRAUTE', 6350262),
('AMOINDRIR', 44609807),
('AMOUR', 6350262),
('ANCIENNETE', 91345364),
('ANGERS', 22195465),
('ANTIPATHIQUE', 17410830),
('APATHIE', 78334802),
('APOSTROPHE', 91345364),
('APPESANTIR', 44609807),
('APPLICATION', 44609807),
('APPORTANT', 78334802),
('APPROBATION', 17410830),
('ARE', 44609807),
('ARMES', 86883657),
('ARTICLES', 6350262),
('AS', 91345364),
('ASSIMILE', 78334802),
('ASSONANCE', 86883657),
('ATMOSPHERIQUE', 86883657),
('ATTENDAIENT', 44609807),
('ATTENTIF', 17410830),
('ATTRIBUTIONS', 1738411),
('AUBAINE', 6350262),
('AUQUEL', 78334802),
('AUSTRAL', 1738411),
('AUTOMATISATION', 44609807),
('AVIATEUR', 78334802),
('AVION', 17410830),
('AXIOME', 91345364),
('AZERBAIDJANAISE', 17410830),
('AZUR', 6350262),
('BAISSE', 86883657),
('BALISTIQUE', 1738411),
('BALLERINE', 17410830),
('BALTIQUE', 91345364),
('BANNIR', 6350262),
('BARBELES', 91345364),
('BARREAUX', 91345364),
('BASCULE', 91345364),
('BASES', 22195465),
('BATTANTS', 22195465),
('BAVER DE', 6350262),
('BENEFICE NET', 91345364),
('BERKELEY', 17410830),
('BIOLOGIQUE', 78334802),
('BIS', 17410830),
('BLASPHEMER', 91345364),
('BLUTOIR', 6350262),
('BOB', 22195465),
('BOITES', 6350262),
('BONNET', 17410830),
('BOSSE', 22195465),
('BOUFFEE', 6350262),
('BREFS', 1738411),
('BRIGADES', 17410830),
('BRITANNIQUE', 91345364),
('BUDGETAIRES', 22195465),
('BUREAUCRATES', 22195465),
('BURUNDI', 6350262),
('BUTIN', 22195465),
('CAFE', 78334802),
('CANETTI', 78334802),
('CARACTERISER', 86883657),
('CASCADE', 6350262),
('CASSE', 6350262),
('CATASTROPHE', 1738411),
('CELEBRATION', 78334802),
('CESAR', 78334802),
('CESSE', 22195465),
('CEUX-LA', 6350262),
('CHALAND', 44609807),
('CHALOUPE', 78334802),
('CHANSONS', 78334802),
('CHANTAL', 44609807),
('CHARLES', 44609807),
('CHATAIGNIER', 44609807),
('CHEQUE', 86883657),
('CHIENS', 78334802),
('CIBLA', 1738411),
('CINEMATOGRAPHIQUE', 91345364),
('CIRCULAIT', 17410830),
('CLASSES', 86883657),
('CLOCHETTE', 78334802),
('COMMEMORATION', 78334802),
('COMPARAISONS', 22195465),
('COMPETITEUR', 6350262),
('COMPLEMENTAIRE', 1738411),
('COMPLEXE', 78334802),
('COMPORTAIT', 17410830),
('CONDAMNATION', 78334802),
('CONDUCTEUR', 86883657),
('CONFIDENCE', 86883657),
('CONJONCTION', 1738411),
('CONJUGAISON', 1738411),
('CONNAISSAIT', 86883657),
('CONSERVEE', 1738411),
('CONTINUAIENT', 78334802),
('CONTRAINTE', 6350262),
('CORRELATIF', 91345364),
('COTATIONS', 78334802),
('COUCHE-CULOTTE', 1738411),
('COUVENT', 91345364),
('CRIMES', 78334802),
('CRISPER', 44609807),
('CRISTAL', 86883657),
('CROCHETEUR', 86883657),
('CROIENT', 22195465),
('DAIMLER', 22195465),
('DATER', 91345364),
('DECACHETE', 1738411),
('DECERNE', 17410830),
('DECONTRACTER', 17410830),
('DECOTE', 22195465),
('DEFAILLANCE', 17410830),
('DEFENDUE', 44609807),
('DEFORME', 91345364),
('DEGAUCHISSEUSE', 6350262),
('DEMENTIEL', 44609807),
('DEMOCRATIE', 22195465),
('DEMOGRAPHIQUES', 17410830),
('DEPASSENT', 17410830),
('DEPIT DE', 17410830),
('DERACINER', 91345364),
('DERIVES', 44609807),
('DESCENDRE', 78334802),
('DESIRE', 44609807),
('DESIREUX', 44609807),
('DESSINATEUR', 1738411),
('DESSINER', 91345364),
('DETRESSE', 1738411),
('DEUX', 78334802),
('DEVASTE', 78334802),
('DEVOILER', 86883657),
('DIALECTES', 6350262),
('DIFFORMITE', 22195465),
('DIFFRACTE', 91345364),
('DILUE', 22195465),
('DIPLOMATIQUES', 44609807),
('DIRIGEE', 17410830),
('DISCRIMINATION', 1738411),
('DISCRIMINE', 44609807),
('DISETTE', 86883657),
('DISSEMINER', 22195465),
('DISTANCES', 78334802),
('DISTINGUER DE', 78334802),
('DIVERGENTES', 91345364),
('DIVISE', 78334802),
('DOMICILE', 91345364),
('DONNERONT', 44609807),
('DONNEUR', 6350262),
('DORDOGNE', 6350262),
('DOUBLEE', 22195465),
('DOUBLEMENT', 86883657),
('ECLUSER', 1738411),
('ECONOMIQUEMENT', 17410830),
('EDIFIER', 91345364),
('EFFACE', 17410830),
('EFFICACES', 78334802),
('ELABORE', 78334802),
('ELANCE', 78334802),
('ELUDER', 1738411),
('EMMERDEUSE', 6350262),
('EMOTION', 17410830),
('EN-TETE', 91345364),
('ENTRETENUS', 6350262),
('EPARGNER', 91345364),
('EPAVE', 22195465),
('ESSIEU', 86883657),
('ESTIMAIENT', 17410830),
('EXALTER', 78334802),
('EXCESSIVEMENT', 86883657),
('EXPLORATEUR', 1738411),
('EXQUIS', 22195465),
('FACILITE', 1738411),
('FAITS DIVERS', 6350262),
('FAMILIALES', 6350262),
('FATUITE', 6350262),
('FAUDRA', 1738411),
('FAUX JETON', 17410830),
('FERVEUR', 44609807),
('FEUTRE', 86883657),
('FILOUTER', 78334802),
('FISCALITE', 78334802),
('FLUIDITE', 86883657),
('FONT', 91345364),
('FORMULAIRE', 22195465),
('FORMULEE', 1738411),
('FOU RIRE', 86883657),
('FOUDROYANT', 91345364),
('FRAGILES', 6350262),
('FRANCOPHONE', 6350262),
('FRAPPANTE', 6350262),
('FREUD', 78334802),
('FUIENT', 6350262),
('GAGNENT', 17410830),
('GALURIN', 17410830),
('GARANTIE', 22195465),
('GARNIER', 44609807),
('GEMIR', 1738411),
('GENERATEUR', 78334802),
('GEORGI', 44609807),
('GERMER', 44609807),
('GESIR', 17410830),
('GLOBE', 1738411),
('GLORIEUX', 91345364),
('GOLF', 6350262),
('GOUFFRE', 78334802),
('GOULET', 44609807),
('GOUT', 78334802),
('GRAINS', 86883657),
('GRAMOPHONE', 91345364),
('GRATUITE', 17410830),
('GRILLES', 17410830),
('GROSSISTE', 17410830),
('GUIBERT', 44609807),
('HABITUDE', 6350262),
('HERACLITE', 6350262),
('HERBORISTE', 22195465),
('HONORABLES', 44609807),
('HOTELIER', 1738411),
('HUTTE', 6350262),
('IBERT', 86883657),
('IDENTIQUE', 78334802),
('ILE', 17410830),
('ILLUSTRATION', 86883657),
('IMPASSIBLE', 44609807),
('IMPULSION', 44609807),
('INCLURE', 86883657),
('INCONTESTABLE', 1738411),
('INFICHU', 22195465),
('INFLEXIBLE', 91345364),
('INFRACTIONS', 22195465),
('INHUMANITE', 91345364),
('ININTERROMPU', 6350262),
('INSCRITS', 22195465),
('INSISTER', 1738411),
('INSTITUT', 6350262),
('INSULAIRE', 1738411),
('INTERDITES', 86883657),
('INTERVALLES', 86883657),
('INVENTION', 1738411),
('ISSUE', 22195465),
('JETTE', 44609807),
('JOIE', 6350262),
('JOUAIENT', 6350262),
('KADAR', 78334802),
('LA-BAS', 86883657),
('LANCER', 91345364),
('LANGUE', 17410830),
('LEGALEMENT', 44609807),
('LEVE', 22195465),
('LIBERTE', 91345364),
('LIMINAIRE', 22195465),
('LIMITE', 78334802),
('LIRE', 91345364),
('LOGICIEL', 1738411),
('LONGUE-VUE', 86883657),
('LORD', 44609807),
('LUBRICITE', 91345364),
('LUSAKA', 1738411),
('MAGISTRAT', 1738411),
('MAJEURE', 86883657),
('MALEDICTION', 6350262),
('MANDARINIER', 44609807),
('MANIE', 91345364),
('MANIFESTEE', 78334802),
('MARMITE', 17410830),
('MARTINIQUE', 1738411),
('MASQUE', 6350262),
('MAUDIRE', 91345364),
('MAUDIT', 6350262),
('MENACEE', 1738411),
('MENTIR', 6350262),
('MEPRISER', 1738411),
('MICHELIN', 78334802),
('MIENS', 17410830),
('MILAN', 6350262),
('MILLIERS', 1738411),
('MODE', 86883657),
('MOELLEUX', 17410830),
('MOMENTANEMENT', 91345364),
('MONTAGNARD', 17410830),
('MORAUX', 6350262),
('MULES', 17410830),
('NAVETTE', 22195465),
('NAVIGATION', 6350262),
('NECESSITENT', 86883657),
('NERVOSITE', 86883657),
('NETTOIEMENT', 17410830),
('NINA', 22195465),
('NONCHALANCE', 17410830),
('NUE', 91345364),
('OBSCENITE', 17410830),
('OBSTETRIQUE', 22195465),
('OPERATION', 86883657),
('OPERES', 44609807),
('OPPOSE', 86883657),
('ORIENTALES', 17410830),
('PACTOLE', 22195465),
('PALESTINIENS', 1738411),
('PAPERASSIER', 1738411),
('PAPILLON', 1738411),
('PARALYSE', 86883657),
('PARFUMER', 6350262),
('PARMI', 17410830),
('PARTAGES', 86883657),
('PARTITIONS', 86883657),
('PAS', 6350262),
('PASSE-PARTOUT', 91345364),
('PATRE', 86883657),
('PAYEE', 17410830),
('PERSUADES', 6350262),
('PERTURBATION', 17410830),
('PERTURBATIONS', 86883657),
('PETOCHARDE', 86883657),
('PILIERS', 22195465),
('PIMENT', 44609807),
('PINCEE', 1738411),
('PIONNIERE', 17410830),
('PIPE', 91345364),
('PITIE', 91345364),
('PLANETE', 17410830),
('PLAQUES', 6350262),
('PLATON', 86883657),
('POINCON', 91345364),
('POINDRE', 6350262),
('POLEMIQUES', 17410830),
('PORTE', 86883657),
('PORTUGAL', 17410830),
('POSSESSION', 91345364),
('POSTALES', 91345364),
('POTENTIELLEMENT', 22195465),
('POUFFIASSE', 44609807),
('POULS', 22195465),
('POUPONNIERE', 44609807),
('POUSSE', 78334802),
('POUVAIENT', 78334802),
('PRENDRE', 78334802),
('PRENDS', 86883657),
('PREOCCUPE', 86883657),
('PRERETRAITE', 6350262),
('PRESENTE', 86883657),
('PRESIDENTIEL', 91345364),
('PRIVATISATION', 22195465),
('PRIVILEGIER', 91345364),
('PROCEDER', 1738411),
('PRODIGIEUX', 86883657),
('PROFITEROLES', 44609807),
('PROFONDES', 17410830),
('PROGRAMMEES', 17410830),
('PROGRESSISTE', 17410830),
('PROMULGUER', 17410830),
('PROPRIETES', 86883657),
('PROSPERITE', 1738411),
('PROTESTE', 6350262),
('PROUVER', 91345364),
('PRUNIER', 44609807),
('PUBLICITE', 78334802),
('PUZZLE', 1738411),
('RAJIDE', 1738411),
('RASSURE', 91345364),
('RATION', 91345364),
('RECHANGE', 86883657),
('RECLAMEE', 6350262),
('RECOLTES', 1738411),
('RECONCILIER', 17410830),
('RECONNAISSENT', 17410830),
('RECONSTRUCTEURS', 78334802),
('REDIGE', 22195465),
('REFERENCES', 1738411),
('REFLETE', 91345364),
('REFORMATEUR', 1738411),
('REFUSAIT', 1738411),
('REGLE', 44609807),
('REGNE', 91345364),
('REGROUPER', 44609807),
('REPERES', 6350262),
('REPOUSSANT', 6350262),
('REPRISE', 22195465),
('RESSENTIR', 17410830),
('RESTERONT', 44609807),
('RETORQUER', 78334802),
('REVE', 22195465),
('REVEUR', 22195465),
('RICANER', 17410830),
('RILA', 78334802),
('RIVALISER', 78334802),
('RIVIERE', 91345364),
('ROSE', 1738411),
('ROUES', 6350262),
('ROUGE-GORGE', 6350262),
('ROUI', 91345364),
('SA VIE', 17410830),
('SANG VERSE', 91345364),
('SANITAIRES', 17410830),
('SCELERAT', 91345364),
('SCIENCE', 17410830),
('SCOTCH', 22195465),
('SECRETE', 1738411),
('SECULIER', 78334802),
('SENAT', 22195465),
('SENTIR', 44609807),
('SEQUENCE', 44609807),
('SIGLE', 44609807),
('SILLAGE', 78334802),
('SIMPLIFIER', 86883657),
('SITUEE', 91345364),
('SITUER', 17410830),
('SOFIA', 1738411),
('SOLLICITES', 1738411),
('SORTENT', 91345364),
('SORTILEGE', 44609807),
('SOUBRETTE', 1738411),
('SOUDAN', 17410830),
('SOUFFRENT', 91345364),
('SOUHAITENT', 17410830),
('SOULEVER', 22195465),
('SOULIGNE', 86883657),
('SOUPLESSE', 6350262),
('SOUSSIGNE', 44609807),
('SPECIFIQUE', 44609807),
('SPORE', 91345364),
('STALINISME', 78334802),
('STANDARDISE', 86883657),
('STEPHANE', 1738411),
('STRESS', 91345364),
('SUBMERSIBLE', 17410830),
('SUFFIRONT', 17410830),
('SUGGESTIONS', 44609807),
('SUPERLATIF', 86883657),
('SURENCHERES', 6350262),
('SURHUMAIN', 78334802),
('SURSAUT', 6350262),
('TALON', 86883657),
('TAQUINERIE', 44609807),
('TECHNIQUEMENT', 1738411),
('TEL', 86883657),
('TELEVISEE', 78334802),
('TELEVISES', 91345364),
('TENTER', 6350262),
('TERMINE', 86883657),
('TERRIBLE', 91345364),
('THAILANDE', 86883657),
('THEATRE', 78334802),
('TIARE', 44609807),
('TICKET', 86883657),
('TIGRE', 44609807),
('TORTIONNAIRE', 6350262),
('TORTURER', 78334802),
('TOUCHEES', 1738411),
('TOURNANT', 91345364),
('TOUS', 91345364),
('TRANCHER', 91345364),
('TRANSMISE', 22195465),
('TRANSPIRANT', 1738411),
('TRANSPOSITION', 91345364),
('TROMPES', 86883657),
('TROUBLE', 22195465),
('TROUVAIENT', 78334802),
('TROYES', 78334802),
('TYPHON', 22195465),
('UF', 44609807),
('URINE', 78334802),
('VEILLE', 44609807),
('VENTER', 1738411),
('VERDICT', 17410830),
('VEREUX', 6350262),
('VERSEE', 86883657),
('VINT', 86883657),
('VIOLENTES', 86883657),
('VISITE', 86883657),
('VOISINS', 22195465),
('VOLUMES', 86883657),
('VOYAIT', 17410830),
('VRAIE', 78334802),
('WAGON', 6350262),
('YARD', 91345364),
('ZELANDE', 22195465);

-- --------------------------------------------------------

--
-- Structure de la vue `agent_en_mission`
--
DROP TABLE IF EXISTS `agent_en_mission`;

CREATE ALGORITHM=UNDEFINED DEFINER=`root`@`localhost` SQL SECURITY DEFINER VIEW `agent_en_mission`  AS  select `participe`.`nom_de_code` AS `nom_de_code` from (`mission` join `participe`) where ((`mission`.`nom_mission` = `participe`.`nom_mission`) and (`mission`.`etat_mission` like 'en cours')) ;

-- --------------------------------------------------------

--
-- Structure de la vue `agent_ranking`
--
DROP TABLE IF EXISTS `agent_ranking`;

CREATE ALGORITHM=UNDEFINED DEFINER=`root`@`localhost` SQL SECURITY DEFINER VIEW `agent_ranking`  AS  select `agent`.`nom_de_code` AS `nom_de_code`,`agent`.`niv_acces` AS `niv_acces`,`agent`.`niv_confiance` AS `niv_confiance`,`agent`.`etat_de_service` AS `etat_de_service` from `agent` order by `agent`.`niv_confiance` desc ;

-- --------------------------------------------------------

--
-- Structure de la vue `pays_ranking`
--
DROP TABLE IF EXISTS `pays_ranking`;

CREATE ALGORITHM=UNDEFINED DEFINER=`root`@`localhost` SQL SECURITY DEFINER VIEW `pays_ranking`  AS  select `pays`.`nom` AS `nom`,`pays`.`niv_danger` AS `niv_danger` from `pays` order by `pays`.`niv_danger` desc ;
COMMIT;

/*!40101 SET CHARACTER_SET_CLIENT=@OLD_CHARACTER_SET_CLIENT */;
/*!40101 SET CHARACTER_SET_RESULTS=@OLD_CHARACTER_SET_RESULTS */;
/*!40101 SET COLLATION_CONNECTION=@OLD_COLLATION_CONNECTION */;
